Date_Départ,Date_arrivée,VILLE_DEPART,VILLE_ARRIVEE,Horaires,Trajet,Type de trajet,Temps de trajet,Prix,Compagnie de vol
2023-11-22,2023-11-28,BER,PAR,20:15 – 22:05,BERAéroport de Berlin Brandebourg-CDGAéroport Charles-de-Gaulle,direct,1h 50min,119 €,Air France
2023-11-22,2023-11-28,BER,PAR,20:30 – 22:20,BERAéroport de Berlin Brandebourg-ORYAéroport de Paris-Orly,direct,1h 50min,123 €,easyJet Europe
2023-11-22,2023-11-28,BER,PAR,20:30 – 22:20,BERAéroport de Berlin Brandebourg-ORYAéroport de Paris-Orly,direct,1h 50min,123 €,"easyJet Europe, easyJet"
2023-11-22,2023-11-28,BER,PAR,15:45 – 17:35,BERAéroport de Berlin Brandebourg-CDGAéroport Charles-de-Gaulle,direct,1h 50min,128 €,Air France
2023-11-22,2023-11-28,BER,PAR,20:30 – 22:20,BERAéroport de Berlin Brandebourg-ORYAéroport de Paris-Orly,direct,1h 50min,134 €,"easyJet Europe, easyJet"
2023-11-22,2023-11-28,BER,PAR,20:30 – 22:20,BERAéroport de Berlin Brandebourg-ORYAéroport de Paris-Orly,direct,1h 50min,134 €,
2023-11-22,2023-11-28,BER,PAR,18:20 – 20:10,BERAéroport de Berlin Brandebourg-CDGAéroport Charles-de-Gaulle,direct,1h 50min,133 €,Air France
2023-11-22,2023-11-28,BER,PAR,,,,,,
2023-11-22,2023-11-28,BER,PAR,,,,,,
2023-11-22,2023-11-28,BER,PAR,,,,,,
2023-11-22,2023-11-28,BER,PAR,,,,,,
2023-11-22,2023-11-28,BER,PAR,,,,,,
2023-11-22,2023-11-28,BER,PAR,,,,,,
2023-11-22,2023-11-28,BER,PAR,,,,,,
2023-11-22,2023-11-28,BER,PAR,,,,,,
2023-11-22,2023-11-28,VNO,KIV,,,,,,
2023-11-22,2023-11-28,VNO,KIV,,,,,,
2023-11-22,2023-11-28,VNO,KIV,,,,,,
2023-11-22,2023-11-28,VNO,KIV,,,,,,
2023-11-22,2023-11-28,VNO,KIV,,,,,,
2023-11-22,2023-11-28,VNO,KIV,,,,,,
2023-11-22,2023-11-28,VNO,KIV,,,,,,
2023-11-22,2023-11-28,VNO,KIV,,,,,,
2023-11-22,2023-11-28,VNO,KIV,,,,,,
2023-11-22,2023-11-28,VNO,KIV,,,,,,
2023-11-22,2023-11-28,VNO,KIV,,,,,,
2023-11-22,2023-11-28,VNO,KIV,,,,,,
2023-11-22,2023-11-28,VNO,KIV,,,,,,
2023-11-22,2023-11-28,VNO,KIV,,,,,,
2023-11-22,2023-11-28,VNO,KIV,,,,,,
2023-11-29,2023-12-05,BER,PAR,14:05 – 23:00,BERAéroport de Berlin Brandebourg-CDGAéroport Charles-de-Gaulle,direct,8h 55min,86 €,"Ryanair, easyJet"
2023-11-29,2023-12-05,BER,PAR,09:05 – 10:55,BERAéroport de Berlin Brandebourg-CDGAéroport Charles-de-Gaulle,direct,1h 50min,88 €,"easyJet, Ryanair"
2023-11-29,2023-12-05,BER,PAR,09:00 – 10:50,BERAéroport de Berlin Brandebourg-ORYAéroport de Paris-Orly,direct,1h 50min,90 €,"easyJet, Ryanair"
2023-11-29,2023-12-05,BER,PAR,09:05 – 10:55,BERAéroport de Berlin Brandebourg-CDGAéroport Charles-de-Gaulle,direct,1h 50min,91 €,easyJet
2023-11-29,2023-12-05,BER,PAR,10:10 – 21:45,BERAéroport de Berlin Brandebourg-BVAAéroport de Beauvais-Tillé,direct,11h 35min,91 €,"Ryanair, easyJet"
2023-11-29,2023-12-05,BER,PAR,09:00 – 10:50,BERAéroport de Berlin Brandebourg-ORYAéroport de Paris-Orly,direct,1h 50min,93 €,easyJet
2023-11-29,2023-12-05,BER,PAR,16:10 – 22:20,BERAéroport de Berlin Brandebourg-ORYAéroport de Paris-Orly,direct,6h 10min,94 €,Plusieurs compagnies
2023-11-29,2023-12-05,BER,PAR,09:05 – 10:55,BERAéroport de Berlin Brandebourg-CDGAéroport Charles-de-Gaulle,direct,1h 50min,96 €,easyJet
2023-11-29,2023-12-05,BER,PAR,10:10 – 21:45,BERAéroport de Berlin Brandebourg-BVAAéroport de Beauvais-Tillé,direct,11h 35min,96 €,"Ryanair, easyJet"
2023-11-29,2023-12-05,BER,PAR,21:45 – 09:15+1,BERAéroport de Berlin Brandebourg-BVAAéroport de Beauvais-Tillé,direct,11h 30min,97 €,"Ryanair, easyJet"
2023-11-29,2023-12-05,BER,PAR,09:00 – 10:50,BERAéroport de Berlin Brandebourg-ORYAéroport de Paris-Orly,direct,1h 50min,98 €,"easyJet Europe, easyJet"
2023-11-29,2023-12-05,BER,PAR,09:00 – 10:50,BERAéroport de Berlin Brandebourg-ORYAéroport de Paris-Orly,direct,1h 50min,98 €,easyJet Europe
2023-11-29,2023-12-05,BER,PAR,09:00 – 10:50,BERAéroport de Berlin Brandebourg-ORYAéroport de Paris-Orly,direct,1h 50min,98 €,easyJet
2023-11-29,2023-12-05,BER,PAR,16:10 – 22:20,BERAéroport de Berlin Brandebourg-ORYAéroport de Paris-Orly,direct,6h 10min,100 €,Plusieurs compagnies
2023-11-29,2023-12-05,BER,PAR,20:30 – 22:20,BERAéroport de Berlin Brandebourg-ORYAéroport de Paris-Orly,direct,1h 50min,101 €,easyJet
2023-11-29,2023-12-05,VNO,KIV,,,,,,
2023-11-29,2023-12-05,VNO,KIV,,,,,,
2023-11-29,2023-12-05,VNO,KIV,,,,,,
2023-11-29,2023-12-05,VNO,KIV,,,,,,
2023-11-29,2023-12-05,VNO,KIV,,,,,,
2023-11-29,2023-12-05,VNO,KIV,,,,,,
2023-11-29,2023-12-05,VNO,KIV,,,,,,
2023-11-29,2023-12-05,VNO,KIV,,,,,,
2023-11-29,2023-12-05,VNO,KIV,,,,,,
2023-11-29,2023-12-05,VNO,KIV,,,,,,
2023-11-29,2023-12-05,VNO,KIV,,,,,,
2023-11-29,2023-12-05,VNO,KIV,,,,,,
2023-11-29,2023-12-05,VNO,KIV,,,,,,
2023-11-29,2023-12-05,VNO,KIV,,,,,,
2023-11-29,2023-12-05,VNO,KIV,,,,,,
2023-12-06,2023-12-12,BER,PAR,09:00 – 10:50,BERAéroport de Berlin Brandebourg-ORYAéroport de Paris-Orly,direct,1h 50min,89 €,easyJet
2023-12-06,2023-12-12,BER,PAR,09:00 – 10:50,BERAéroport de Berlin Brandebourg-ORYAéroport de Paris-Orly,direct,1h 50min,93 €,easyJet Europe
2023-12-06,2023-12-12,BER,PAR,09:00 – 10:50,BERAéroport de Berlin Brandebourg-ORYAéroport de Paris-Orly,direct,1h 50min,93 €,"easyJet Europe, easyJet"
2023-12-06,2023-12-12,BER,PAR,09:05 – 10:55,BERAéroport de Berlin Brandebourg-CDGAéroport Charles-de-Gaulle,direct,1h 50min,102 €,easyJet
2023-12-06,2023-12-12,BER,PAR,20:30 – 22:20,BERAéroport de Berlin Brandebourg-ORYAéroport de Paris-Orly,direct,1h 50min,105 €,easyJet
2023-12-06,2023-12-12,BER,PAR,09:00 – 10:50,BERAéroport de Berlin Brandebourg-ORYAéroport de Paris-Orly,direct,1h 50min,106 €,easyJet
2023-12-06,2023-12-12,BER,PAR,20:30 – 22:20,BERAéroport de Berlin Brandebourg-ORYAéroport de Paris-Orly,direct,1h 50min,111 €,easyJet Europe
2023-12-06,2023-12-12,BER,PAR,20:30 – 22:20,BERAéroport de Berlin Brandebourg-ORYAéroport de Paris-Orly,direct,1h 50min,111 €,"easyJet Europe, easyJet"
2023-12-06,2023-12-12,BER,PAR,09:00 – 10:50,BERAéroport de Berlin Brandebourg-ORYAéroport de Paris-Orly,direct,1h 50min,112 €,"easyJet Europe, easyJet"
2023-12-06,2023-12-12,BER,PAR,09:00 – 10:50,BERAéroport de Berlin Brandebourg-ORYAéroport de Paris-Orly,direct,1h 50min,112 €,easyJet Europe
2023-12-06,2023-12-12,BER,PAR,09:05 – 10:55,BERAéroport de Berlin Brandebourg-CDGAéroport Charles-de-Gaulle,direct,1h 50min,113 €,easyJet
2023-12-06,2023-12-12,BER,PAR,12:25 – 14:15,BERAéroport de Berlin Brandebourg-CDGAéroport Charles-de-Gaulle,direct,1h 50min,117 €,Air France
2023-12-06,2023-12-12,BER,PAR,,,,,,
2023-12-06,2023-12-12,BER,PAR,,,,,,
2023-12-06,2023-12-12,BER,PAR,,,,,,
2023-12-06,2023-12-12,VNO,KIV,12:00 – 20:40,VNOAéroport de Vilnius-KIVChisinau,1 escale,8h 40min,260 €,Turkish Airlines
2023-12-06,2023-12-12,VNO,KIV,20:00 – 08:50+1,VNOAéroport de Vilnius-KIVChisinau,1 escale,12h 50min,260 €,Turkish Airlines
2023-12-06,2023-12-12,VNO,KIV,12:00 – 20:40,VNOAéroport de Vilnius-KIVChisinau,1 escale,8h 40min,260 €,Turkish Airlines
2023-12-06,2023-12-12,VNO,KIV,20:00 – 08:50+1,VNOAéroport de Vilnius-KIVChisinau,1 escale,12h 50min,260 €,Turkish Airlines
2023-12-06,2023-12-12,VNO,KIV,20:00 – 14:25+1,VNOAéroport de Vilnius-KIVChisinau,1 escale,18h 25min,260 €,Turkish Airlines
2023-12-06,2023-12-12,VNO,KIV,12:00 – 20:40,VNOAéroport de Vilnius-KIVChisinau,1 escale,8h 40min,260 €,Turkish Airlines
2023-12-06,2023-12-12,VNO,KIV,12:00 – 08:50+1,VNOAéroport de Vilnius-KIVChisinau,1 escale,20h 50min,260 €,Turkish Airlines
2023-12-06,2023-12-12,VNO,KIV,12:00 – 20:40,VNOAéroport de Vilnius-KIVChisinau,1 escale,8h 40min,260 €,Turkish Airlines
2023-12-06,2023-12-12,VNO,KIV,20:00 – 08:50+1,VNOAéroport de Vilnius-KIVChisinau,1 escale,12h 50min,260 €,Turkish Airlines
2023-12-06,2023-12-12,VNO,KIV,10:05 – 14:05,VNOAéroport de Vilnius-KIVChisinau,1 escale,4h 00min,301 €,LOT
2023-12-06,2023-12-12,VNO,KIV,10:05 – 14:05,VNOAéroport de Vilnius-KIVChisinau,1 escale,4h 00min,301 €,LOT
2023-12-06,2023-12-12,VNO,KIV,10:05 – 14:05,VNOAéroport de Vilnius-KIVChisinau,1 escale,4h 00min,301 €,LOT
2023-12-06,2023-12-12,VNO,KIV,10:05 – 14:05,VNOAéroport de Vilnius-KIVChisinau,1 escale,4h 00min,308 €,LOT
2023-12-06,2023-12-12,VNO,KIV,10:05 – 14:05,VNOAéroport de Vilnius-KIVChisinau,1 escale,4h 00min,308 €,LOT
2023-12-06,2023-12-12,VNO,KIV,10:05 – 14:05,VNOAéroport de Vilnius-KIVChisinau,1 escale,4h 00min,308 €,LOT
2023-12-13,2023-12-19,BER,PAR,20:30 – 22:20,BERAéroport de Berlin Brandebourg-ORYAéroport de Paris-Orly,direct,1h 50min,89 €,easyJet
2023-12-13,2023-12-19,BER,PAR,20:30 – 22:20,BERAéroport de Berlin Brandebourg-ORYAéroport de Paris-Orly,direct,1h 50min,92 €,easyJet
2023-12-13,2023-12-19,BER,PAR,20:30 – 22:20,BERAéroport de Berlin Brandebourg-ORYAéroport de Paris-Orly,direct,1h 50min,94 €,easyJet Europe
2023-12-13,2023-12-19,BER,PAR,20:30 – 22:20,BERAéroport de Berlin Brandebourg-ORYAéroport de Paris-Orly,direct,1h 50min,94 €,"easyJet Europe, easyJet"
2023-12-13,2023-12-19,BER,PAR,09:00 – 10:50,BERAéroport de Berlin Brandebourg-ORYAéroport de Paris-Orly,direct,1h 50min,96 €,easyJet
2023-12-13,2023-12-19,BER,PAR,20:30 – 22:20,BERAéroport de Berlin Brandebourg-ORYAéroport de Paris-Orly,direct,1h 50min,98 €,easyJet Europe
2023-12-13,2023-12-19,BER,PAR,20:30 – 22:20,BERAéroport de Berlin Brandebourg-ORYAéroport de Paris-Orly,direct,1h 50min,98 €,"easyJet Europe, easyJet"
2023-12-13,2023-12-19,BER,PAR,09:00 – 10:50,BERAéroport de Berlin Brandebourg-ORYAéroport de Paris-Orly,direct,1h 50min,100 €,easyJet
2023-12-13,2023-12-19,BER,PAR,09:00 – 10:50,BERAéroport de Berlin Brandebourg-ORYAéroport de Paris-Orly,direct,1h 50min,103 €,easyJet Europe
2023-12-13,2023-12-19,BER,PAR,09:00 – 10:50,BERAéroport de Berlin Brandebourg-ORYAéroport de Paris-Orly,direct,1h 50min,103 €,"easyJet Europe, easyJet"
2023-12-13,2023-12-19,BER,PAR,20:30 – 22:20,BERAéroport de Berlin Brandebourg-ORYAéroport de Paris-Orly,direct,1h 50min,105 €,easyJet
2023-12-13,2023-12-19,BER,PAR,09:00 – 10:50,BERAéroport de Berlin Brandebourg-ORYAéroport de Paris-Orly,direct,1h 50min,106 €,"easyJet Europe, easyJet"
2023-12-13,2023-12-19,BER,PAR,09:00 – 10:50,BERAéroport de Berlin Brandebourg-ORYAéroport de Paris-Orly,direct,1h 50min,106 €,easyJet Europe
2023-12-13,2023-12-19,BER,PAR,09:05 – 10:55,BERAéroport de Berlin Brandebourg-CDGAéroport Charles-de-Gaulle,direct,1h 50min,108 €,easyJet
2023-12-13,2023-12-19,BER,PAR,09:05 – 10:55,BERAéroport de Berlin Brandebourg-CDGAéroport Charles-de-Gaulle,direct,1h 50min,109 €,easyJet
2023-12-13,2023-12-19,VNO,KIV,12:00 – 20:40,VNOAéroport de Vilnius-KIVChisinau,1 escale,8h 40min,260 €,Turkish Airlines
2023-12-13,2023-12-19,VNO,KIV,20:00 – 08:50+1,VNOAéroport de Vilnius-KIVChisinau,1 escale,12h 50min,260 €,Turkish Airlines
2023-12-13,2023-12-19,VNO,KIV,12:00 – 20:40,VNOAéroport de Vilnius-KIVChisinau,1 escale,8h 40min,260 €,Turkish Airlines
2023-12-13,2023-12-19,VNO,KIV,20:00 – 08:50+1,VNOAéroport de Vilnius-KIVChisinau,1 escale,12h 50min,260 €,Turkish Airlines
2023-12-13,2023-12-19,VNO,KIV,20:00 – 14:25+1,VNOAéroport de Vilnius-KIVChisinau,1 escale,18h 25min,260 €,Turkish Airlines
2023-12-13,2023-12-19,VNO,KIV,12:00 – 20:40,VNOAéroport de Vilnius-KIVChisinau,1 escale,8h 40min,260 €,Turkish Airlines
2023-12-13,2023-12-19,VNO,KIV,12:00 – 08:50+1,VNOAéroport de Vilnius-KIVChisinau,1 escale,20h 50min,260 €,Turkish Airlines
2023-12-13,2023-12-19,VNO,KIV,12:00 – 20:40,VNOAéroport de Vilnius-KIVChisinau,1 escale,8h 40min,260 €,Turkish Airlines
2023-12-13,2023-12-19,VNO,KIV,20:00 – 08:50+1,VNOAéroport de Vilnius-KIVChisinau,1 escale,12h 50min,260 €,Turkish Airlines
2023-12-13,2023-12-19,VNO,KIV,06:20 – 17:40,VNOAéroport de Vilnius-KIVChisinau,1 escale,11h 20min,289 €,LOT
2023-12-13,2023-12-19,VNO,KIV,06:20 – 17:40,VNOAéroport de Vilnius-KIVChisinau,1 escale,11h 20min,289 €,LOT
2023-12-13,2023-12-19,VNO,KIV,06:20 – 17:40,VNOAéroport de Vilnius-KIVChisinau,1 escale,11h 20min,289 €,LOT
2023-12-13,2023-12-19,VNO,KIV,06:20 – 17:40,VNOAéroport de Vilnius-KIVChisinau,1 escale,11h 20min,289 €,LOT
2023-12-13,2023-12-19,VNO,KIV,10:05 – 17:40,VNOAéroport de Vilnius-KIVChisinau,1 escale,7h 35min,290 €,LOT
2023-12-13,2023-12-19,VNO,KIV,10:05 – 17:40,VNOAéroport de Vilnius-KIVChisinau,1 escale,7h 35min,290 €,LOT
2023-12-20,2023-12-26,BER,PAR,20:30 – 22:20,BERAéroport de Berlin Brandebourg-ORYAéroport de Paris-Orly,direct,1h 50min,129 €,easyJet
2023-12-20,2023-12-26,BER,PAR,06:00 – 12:25,BERAéroport de Berlin Brandebourg-BVAAéroport de Beauvais-Tillé,direct,6h 25min,132 €,Plusieurs compagnies
2023-12-20,2023-12-26,BER,PAR,09:00 – 10:50,BERAéroport de Berlin Brandebourg-ORYAéroport de Paris-Orly,direct,1h 50min,135 €,easyJet
2023-12-20,2023-12-26,BER,PAR,,,,,,
2023-12-20,2023-12-26,BER,PAR,,,,,,
2023-12-20,2023-12-26,BER,PAR,15:45 – 17:35,BERAéroport de Berlin Brandebourg-CDGAéroport Charles-de-Gaulle,direct,1h 50min,138 €,Air France
2023-12-20,2023-12-26,BER,PAR,,,,,,
2023-12-20,2023-12-26,BER,PAR,12:25 – 14:15,BERAéroport de Berlin Brandebourg-CDGAéroport Charles-de-Gaulle,direct,1h 50min,145 €,Air France
2023-12-20,2023-12-26,BER,PAR,20:30 – 22:20,BERAéroport de Berlin Brandebourg-ORYAéroport de Paris-Orly,direct,1h 50min,157 €,"easyJet, Air France"
2023-12-20,2023-12-26,BER,PAR,09:00 – 10:50,BERAéroport de Berlin Brandebourg-ORYAéroport de Paris-Orly,direct,1h 50min,162 €,"easyJet, Air France"
2023-12-20,2023-12-26,BER,PAR,06:00 – 12:25,BERAéroport de Berlin Brandebourg-BVAAéroport de Beauvais-Tillé,direct,6h 25min,163 €,Plusieurs compagnies
2023-12-20,2023-12-26,BER,PAR,09:05 – 10:55,BERAéroport de Berlin Brandebourg-CDGAéroport Charles-de-Gaulle,direct,1h 50min,164 €,"easyJet, Air France"
2023-12-20,2023-12-26,BER,PAR,15:45 – 17:35,BERAéroport de Berlin Brandebourg-CDGAéroport Charles-de-Gaulle,direct,1h 50min,165 €,"Air France, easyJet"
2023-12-20,2023-12-26,BER,PAR,,,,,,
2023-12-20,2023-12-26,BER,PAR,,,,,,
2023-12-20,2023-12-26,VNO,KIV,12:00 – 20:40,VNOAéroport de Vilnius-KIVChisinau,1 escale,8h 40min,290 €,Turkish Airlines
2023-12-20,2023-12-26,VNO,KIV,20:00 – 08:50+1,VNOAéroport de Vilnius-KIVChisinau,1 escale,12h 50min,304 €,Turkish Airlines
2023-12-20,2023-12-26,VNO,KIV,12:00 – 20:40,VNOAéroport de Vilnius-KIVChisinau,1 escale,8h 40min,304 €,Turkish Airlines
2023-12-20,2023-12-26,VNO,KIV,20:00 – 08:50+1,VNOAéroport de Vilnius-KIVChisinau,1 escale,12h 50min,304 €,Turkish Airlines
2023-12-20,2023-12-26,VNO,KIV,20:00 – 14:25+1,VNOAéroport de Vilnius-KIVChisinau,1 escale,18h 25min,304 €,Turkish Airlines
2023-12-20,2023-12-26,VNO,KIV,12:00 – 20:40,VNOAéroport de Vilnius-KIVChisinau,1 escale,8h 40min,304 €,Turkish Airlines
2023-12-20,2023-12-26,VNO,KIV,20:00 – 08:50+1,VNOAéroport de Vilnius-KIVChisinau,1 escale,12h 50min,304 €,Turkish Airlines
2023-12-20,2023-12-26,VNO,KIV,10:05 – 14:05,VNOAéroport de Vilnius-KIVChisinau,1 escale,4h 00min,362 €,LOT
2023-12-20,2023-12-26,VNO,KIV,08:35 – 14:05,VNOAéroport de Vilnius-KIVChisinau,1 escale,5h 30min,362 €,LOT
2023-12-20,2023-12-26,VNO,KIV,06:20 – 14:05,VNOAéroport de Vilnius-KIVChisinau,1 escale,7h 45min,362 €,LOT
2023-12-20,2023-12-26,VNO,KIV,10:05 – 14:05,VNOAéroport de Vilnius-KIVChisinau,1 escale,4h 00min,362 €,LOT
2023-12-20,2023-12-26,VNO,KIV,08:35 – 14:05,VNOAéroport de Vilnius-KIVChisinau,1 escale,5h 30min,362 €,LOT
2023-12-20,2023-12-26,VNO,KIV,06:20 – 14:05,VNOAéroport de Vilnius-KIVChisinau,1 escale,7h 45min,362 €,LOT
2023-12-20,2023-12-26,VNO,KIV,10:05 – 14:05,VNOAéroport de Vilnius-KIVChisinau,1 escale,4h 00min,362 €,LOT
2023-12-20,2023-12-26,VNO,KIV,08:35 – 14:05,VNOAéroport de Vilnius-KIVChisinau,1 escale,5h 30min,362 €,LOT
2023-12-27,2024-01-02,BER,PAR,20:30 – 22:20,BERAéroport de Berlin Brandebourg-ORYAéroport de Paris-Orly,direct,1h 50min,174 €,easyJet
2023-12-27,2024-01-02,BER,PAR,09:00 – 10:50,BERAéroport de Berlin Brandebourg-ORYAéroport de Paris-Orly,direct,1h 50min,176 €,easyJet
2023-12-27,2024-01-02,BER,PAR,09:05 – 10:55,BERAéroport de Berlin Brandebourg-CDGAéroport Charles-de-Gaulle,direct,1h 50min,181 €,easyJet
2023-12-27,2024-01-02,BER,PAR,19:10 – 21:05,BERAéroport de Berlin Brandebourg-ORYAéroport de Paris-Orly,direct,1h 55min,186 €,"Transavia France, easyJet"
2023-12-27,2024-01-02,BER,PAR,11:50 – 15:15,BERAéroport de Berlin Brandebourg-CDGAéroport Charles-de-Gaulle,1 escale,3h 25min,204 €,"KLM, easyJet"
2023-12-27,2024-01-02,BER,PAR,20:30 – 22:20,BERAéroport de Berlin Brandebourg-ORYAéroport de Paris-Orly,direct,1h 50min,206 €,"easyJet, Ryanair"
2023-12-27,2024-01-02,BER,PAR,09:00 – 10:50,BERAéroport de Berlin Brandebourg-ORYAéroport de Paris-Orly,direct,1h 50min,208 €,"easyJet, Ryanair"
2023-12-27,2024-01-02,BER,PAR,19:00 – 23:00,BERAéroport de Berlin Brandebourg-CDGAéroport Charles-de-Gaulle,1 escale,4h 00min,211 €,Lufthansa
2023-12-27,2024-01-02,BER,PAR,20:30 – 22:20,BERAéroport de Berlin Brandebourg-ORYAéroport de Paris-Orly,direct,1h 50min,216 €,easyJet
2023-12-27,2024-01-02,BER,PAR,20:15 – 22:05,BERAéroport de Berlin Brandebourg-CDGAéroport Charles-de-Gaulle,direct,1h 50min,216 €,Air France
2023-12-27,2024-01-02,BER,PAR,14:30 – 17:50,BERAéroport de Berlin Brandebourg-CDGAéroport Charles-de-Gaulle,1 escale,3h 20min,216 €,"KLM, Air France"
2023-12-27,2024-01-02,BER,PAR,19:10 – 21:05,BERAéroport de Berlin Brandebourg-ORYAéroport de Paris-Orly,direct,1h 55min,218 €,Plusieurs compagnies
2023-12-27,2024-01-02,BER,PAR,09:00 – 10:50,BERAéroport de Berlin Brandebourg-ORYAéroport de Paris-Orly,direct,1h 50min,219 €,easyJet
2023-12-27,2024-01-02,BER,PAR,09:05 – 10:55,BERAéroport de Berlin Brandebourg-CDGAéroport Charles-de-Gaulle,direct,1h 50min,224 €,easyJet
2023-12-27,2024-01-02,BER,PAR,18:20 – 20:10,BERAéroport de Berlin Brandebourg-CDGAéroport Charles-de-Gaulle,direct,1h 50min,226 €,Air France
2023-12-27,2024-01-02,VNO,KIV,19:10 – 17:40+1,VNOAéroport de Vilnius-KIVChisinau,1 escale,22h 30min,416 €,LOT
2023-12-27,2024-01-02,VNO,KIV,16:55 – 17:40+1,VNOAéroport de Vilnius-KIVChisinau,1 escale,24h 45min,416 €,LOT
2023-12-27,2024-01-02,VNO,KIV,19:10 – 17:40+1,VNOAéroport de Vilnius-KIVChisinau,1 escale,22h 30min,417 €,LOT
2023-12-27,2024-01-02,VNO,KIV,16:55 – 17:40+1,VNOAéroport de Vilnius-KIVChisinau,1 escale,24h 45min,417 €,LOT
2023-12-27,2024-01-02,VNO,KIV,10:05 – 17:40,VNOAéroport de Vilnius-KIVChisinau,1 escale,7h 35min,420 €,LOT
2023-12-27,2024-01-02,VNO,KIV,10:05 – 17:40,VNOAéroport de Vilnius-KIVChisinau,1 escale,7h 35min,421 €,LOT
2023-12-27,2024-01-02,VNO,KIV,10:05 – 17:40,VNOAéroport de Vilnius-KIVChisinau,1 escale,7h 35min,421 €,LOT
2023-12-27,2024-01-02,VNO,KIV,10:05 – 17:40,VNOAéroport de Vilnius-KIVChisinau,1 escale,7h 35min,421 €,LOT
2023-12-27,2024-01-02,VNO,KIV,10:05 – 17:40,VNOAéroport de Vilnius-KIVChisinau,1 escale,7h 35min,421 €,LOT
2023-12-27,2024-01-02,VNO,KIV,10:05 – 17:40,VNOAéroport de Vilnius-KIVChisinau,1 escale,7h 35min,422 €,LOT
2023-12-27,2024-01-02,VNO,KIV,10:05 – 14:05,VNOAéroport de Vilnius-KIVChisinau,1 escale,4h 00min,444 €,LOT
2023-12-27,2024-01-02,VNO,KIV,10:05 – 14:05,VNOAéroport de Vilnius-KIVChisinau,1 escale,4h 00min,444 €,LOT
2023-12-27,2024-01-02,VNO,KIV,10:05 – 14:05,VNOAéroport de Vilnius-KIVChisinau,1 escale,4h 00min,444 €,LOT
2023-12-27,2024-01-02,VNO,KIV,10:05 – 14:05,VNOAéroport de Vilnius-KIVChisinau,1 escale,4h 00min,444 €,LOT
2023-12-27,2024-01-02,VNO,KIV,10:05 – 14:05,VNOAéroport de Vilnius-KIVChisinau,1 escale,4h 00min,444 €,LOT
2024-01-03,2024-01-09,BER,PAR,15:45 – 19:15,BERAéroport de Berlin Brandebourg-CDGAéroport Charles-de-Gaulle,1 escale,3h 30min,155 €,Lufthansa
2024-01-03,2024-01-09,BER,PAR,15:45 – 19:15,BERAéroport de Berlin Brandebourg-CDGAéroport Charles-de-Gaulle,1 escale,3h 30min,155 €,Lufthansa
2024-01-03,2024-01-09,BER,PAR,15:45 – 19:15,BERAéroport de Berlin Brandebourg-CDGAéroport Charles-de-Gaulle,1 escale,3h 30min,156 €,"Lufthansa, SWISS"
2024-01-03,2024-01-09,BER,PAR,20:40 – 09:00+1,BERAéroport de Berlin Brandebourg-CDGAéroport Charles-de-Gaulle,1 escale,12h 20min,156 €,SWISS
2024-01-03,2024-01-09,BER,PAR,15:45 – 19:15,BERAéroport de Berlin Brandebourg-CDGAéroport Charles-de-Gaulle,1 escale,3h 30min,162 €,Lufthansa
2024-01-03,2024-01-09,BER,PAR,15:45 – 19:15,BERAéroport de Berlin Brandebourg-CDGAéroport Charles-de-Gaulle,1 escale,3h 30min,162 €,Lufthansa
2024-01-03,2024-01-09,BER,PAR,18:40 – 22:15,BERAéroport de Berlin Brandebourg-CDGAéroport Charles-de-Gaulle,1 escale,3h 35min,167 €,"SWISS, Lufthansa"
2024-01-03,2024-01-09,BER,PAR,07:10 – 07:40+1,BERAéroport de Berlin Brandebourg-CDGAéroport Charles-de-Gaulle,1 escale,24h 30min,167 €,Brussels Airlines
2024-01-03,2024-01-09,BER,PAR,18:40 – 22:15,BERAéroport de Berlin Brandebourg-CDGAéroport Charles-de-Gaulle,1 escale,3h 35min,168 €,SWISS
2024-01-03,2024-01-09,BER,PAR,06:55 – 08:45,BERAéroport de Berlin Brandebourg-CDGAéroport Charles-de-Gaulle,direct,1h 50min,170 €,Air France
2024-01-03,2024-01-09,BER,PAR,15:45 – 19:15,BERAéroport de Berlin Brandebourg-CDGAéroport Charles-de-Gaulle,1 escale,3h 30min,170 €,Lufthansa
2024-01-03,2024-01-09,BER,PAR,07:00 – 13:55,BERAéroport de Berlin Brandebourg-CDGAéroport Charles-de-Gaulle,1 escale,6h 55min,171 €,SWISS
2024-01-03,2024-01-09,BER,PAR,20:15 – 22:05,BERAéroport de Berlin Brandebourg-CDGAéroport Charles-de-Gaulle,direct,1h 50min,175 €,Air France
2024-01-03,2024-01-09,BER,PAR,18:40 – 22:15,BERAéroport de Berlin Brandebourg-CDGAéroport Charles-de-Gaulle,1 escale,3h 35min,175 €,"SWISS, Lufthansa"
2024-01-03,2024-01-09,BER,PAR,15:45 – 19:15,BERAéroport de Berlin Brandebourg-CDGAéroport Charles-de-Gaulle,1 escale,3h 30min,178 €,"Lufthansa, SWISS"
2024-01-03,2024-01-09,VNO,KIV,,,,,,
2024-01-03,2024-01-09,VNO,KIV,,,,,,
2024-01-03,2024-01-09,VNO,KIV,,,,,,
2024-01-03,2024-01-09,VNO,KIV,,,,,,
2024-01-03,2024-01-09,VNO,KIV,,,,,,
2024-01-03,2024-01-09,VNO,KIV,,,,,,
2024-01-03,2024-01-09,VNO,KIV,,,,,,
2024-01-03,2024-01-09,VNO,KIV,,,,,,
2024-01-03,2024-01-09,VNO,KIV,,,,,,
2024-01-03,2024-01-09,VNO,KIV,,,,,,
2024-01-03,2024-01-09,VNO,KIV,,,,,,
2024-01-03,2024-01-09,VNO,KIV,,,,,,
2024-01-03,2024-01-09,VNO,KIV,,,,,,
2024-01-03,2024-01-09,VNO,KIV,,,,,,
2024-01-03,2024-01-09,VNO,KIV,,,,,,
2024-01-10,2024-01-16,BER,PAR,14:05 – 22:10,BERAéroport de Berlin Brandebourg-ORYAéroport de Paris-Orly,,8h 05min,90 €,"Ryanair, Vueling"
2024-01-10,2024-01-16,BER,PAR,11:55 – 21:45,BERAéroport de Berlin Brandebourg-BVAAéroport de Beauvais-Tillé,,9h 50min,106 €,"Ryanair, Vueling"
2024-01-10,2024-01-16,BER,PAR,15:45 – 17:35,BERAéroport de Berlin Brandebourg-CDGAéroport Charles-de-Gaulle,direct,1h 50min,115 €,Air France
2024-01-10,2024-01-16,BER,PAR,20:15 – 22:05,BERAéroport de Berlin Brandebourg-CDGAéroport Charles-de-Gaulle,direct,1h 50min,115 €,Air France
2024-01-10,2024-01-16,BER,PAR,10:15 – 12:10,BERAéroport de Berlin Brandebourg-CDGAéroport Charles-de-Gaulle,direct,1h 55min,115 €,Air France
2024-01-10,2024-01-16,BER,PAR,15:45 – 17:35,BERAéroport de Berlin Brandebourg-CDGAéroport Charles-de-Gaulle,direct,1h 50min,116 €,Air France
2024-01-10,2024-01-16,BER,PAR,10:15 – 12:10,BERAéroport de Berlin Brandebourg-CDGAéroport Charles-de-Gaulle,direct,1h 55min,116 €,Air France
2024-01-10,2024-01-16,BER,PAR,10:15 – 12:10,BERAéroport de Berlin Brandebourg-CDGAéroport Charles-de-Gaulle,direct,1h 55min,116 €,Air France
2024-01-10,2024-01-16,BER,PAR,,,,,,
2024-01-10,2024-01-16,BER,PAR,,,,,,
2024-01-10,2024-01-16,BER,PAR,,,,,,
2024-01-10,2024-01-16,BER,PAR,,,,,,
2024-01-10,2024-01-16,BER,PAR,09:05 – 17:10,BERAéroport de Berlin Brandebourg-BVAAéroport de Beauvais-Tillé,,8h 05min,122 €,"Wizz Air, Ryanair"
2024-01-10,2024-01-16,BER,PAR,20:15 – 22:05,BERAéroport de Berlin Brandebourg-CDGAéroport Charles-de-Gaulle,direct,1h 50min,124 €,"Air France, Ryanair"
2024-01-10,2024-01-16,BER,PAR,10:15 – 12:10,BERAéroport de Berlin Brandebourg-CDGAéroport Charles-de-Gaulle,direct,1h 55min,124 €,"Air France, Ryanair"
2024-01-10,2024-01-16,VNO,KIV,20:00 – 08:50+1,VNOAéroport de Vilnius-KIVChisinau,1 escale,12h 50min,260 €,Turkish Airlines
2024-01-10,2024-01-16,VNO,KIV,20:00 – 08:50+1,VNOAéroport de Vilnius-KIVChisinau,1 escale,12h 50min,260 €,Turkish Airlines
2024-01-10,2024-01-16,VNO,KIV,20:00 – 08:50+1,VNOAéroport de Vilnius-KIVChisinau,1 escale,12h 50min,260 €,Turkish Airlines
2024-01-10,2024-01-16,VNO,KIV,12:00 – 20:40,VNOAéroport de Vilnius-KIVChisinau,1 escale,8h 40min,261 €,Turkish Airlines
2024-01-10,2024-01-16,VNO,KIV,12:00 – 20:40,VNOAéroport de Vilnius-KIVChisinau,1 escale,8h 40min,261 €,Turkish Airlines
2024-01-10,2024-01-16,VNO,KIV,20:00 – 14:25+1,VNOAéroport de Vilnius-KIVChisinau,1 escale,18h 25min,261 €,Turkish Airlines
2024-01-10,2024-01-16,VNO,KIV,12:00 – 20:40,VNOAéroport de Vilnius-KIVChisinau,1 escale,8h 40min,261 €,Turkish Airlines
2024-01-10,2024-01-16,VNO,KIV,10:05 – 14:05,VNOAéroport de Vilnius-KIVChisinau,1 escale,4h 00min,281 €,LOT
2024-01-10,2024-01-16,VNO,KIV,10:05 – 14:05,VNOAéroport de Vilnius-KIVChisinau,1 escale,4h 00min,286 €,LOT
2024-01-10,2024-01-16,VNO,KIV,10:05 – 14:05,VNOAéroport de Vilnius-KIVChisinau,1 escale,4h 00min,286 €,LOT
2024-01-10,2024-01-16,VNO,KIV,10:05 – 14:05,VNOAéroport de Vilnius-KIVChisinau,1 escale,4h 00min,295 €,LOT
2024-01-10,2024-01-16,VNO,KIV,10:05 – 14:05,VNOAéroport de Vilnius-KIVChisinau,1 escale,4h 00min,295 €,LOT
2024-01-10,2024-01-16,VNO,KIV,10:05 – 14:05,VNOAéroport de Vilnius-KIVChisinau,1 escale,4h 00min,301 €,LOT
2024-01-10,2024-01-16,VNO,KIV,08:35 – 14:05,VNOAéroport de Vilnius-KIVChisinau,1 escale,5h 30min,303 €,LOT
2024-01-10,2024-01-16,VNO,KIV,08:35 – 14:05,VNOAéroport de Vilnius-KIVChisinau,1 escale,5h 30min,308 €,LOT
2024-01-17,2024-01-23,BER,PAR,14:30 – 17:50,BERAéroport de Berlin Brandebourg-CDGAéroport Charles-de-Gaulle,1 escale,3h 20min,148 €,"KLM, Air France"
2024-01-17,2024-01-23,BER,PAR,11:50 – 15:15,BERAéroport de Berlin Brandebourg-CDGAéroport Charles-de-Gaulle,1 escale,3h 25min,148 €,"KLM, Air France"
2024-01-17,2024-01-23,BER,PAR,14:30 – 17:50,BERAéroport de Berlin Brandebourg-CDGAéroport Charles-de-Gaulle,1 escale,3h 20min,149 €,"KLM, Air France"
2024-01-17,2024-01-23,BER,PAR,11:50 – 15:15,BERAéroport de Berlin Brandebourg-CDGAéroport Charles-de-Gaulle,1 escale,3h 25min,149 €,"KLM, Air France"
2024-01-17,2024-01-23,BER,PAR,17:05 – 22:30,BERAéroport de Berlin Brandebourg-CDGAéroport Charles-de-Gaulle,1 escale,5h 25min,155 €,Austrian Airlines
2024-01-17,2024-01-23,BER,PAR,17:05 – 22:30,BERAéroport de Berlin Brandebourg-CDGAéroport Charles-de-Gaulle,1 escale,5h 25min,155 €,Austrian Airlines
2024-01-17,2024-01-23,BER,PAR,09:10 – 22:30,BERAéroport de Berlin Brandebourg-CDGAéroport Charles-de-Gaulle,1 escale,13h 20min,155 €,Austrian Airlines
2024-01-17,2024-01-23,BER,PAR,12:25 – 14:15,BERAéroport de Berlin Brandebourg-CDGAéroport Charles-de-Gaulle,direct,1h 50min,156 €,Air France
2024-01-17,2024-01-23,BER,PAR,20:15 – 22:05,BERAéroport de Berlin Brandebourg-CDGAéroport Charles-de-Gaulle,direct,1h 50min,156 €,
2024-01-17,2024-01-23,BER,PAR,,,,,,
2024-01-17,2024-01-23,BER,PAR,,,,,,
2024-01-17,2024-01-23,BER,PAR,19:40 – 09:15+1,BERAéroport de Berlin Brandebourg-CDGAéroport Charles-de-Gaulle,1 escale,13h 35min,161 €,Austrian Airlines
2024-01-17,2024-01-23,BER,PAR,09:40 – 13:35,BERAéroport de Berlin Brandebourg-CDGAéroport Charles-de-Gaulle,1 escale,3h 55min,162 €,Lufthansa
2024-01-17,2024-01-23,BER,PAR,12:55 – 17:25,BERAéroport de Berlin Brandebourg-CDGAéroport Charles-de-Gaulle,1 escale,4h 30min,162 €,Lufthansa
2024-01-17,2024-01-23,BER,PAR,09:40 – 13:35,BERAéroport de Berlin Brandebourg-CDGAéroport Charles-de-Gaulle,1 escale,3h 55min,162 €,Lufthansa
2024-01-17,2024-01-23,VNO,KIV,10:05 – 14:05,VNOAéroport de Vilnius-KIVChisinau,1 escale,4h 00min,286 €,
2024-01-17,2024-01-23,VNO,KIV,,,,,,
2024-01-17,2024-01-23,VNO,KIV,,,,,,
2024-01-17,2024-01-23,VNO,KIV,,,,,,
2024-01-17,2024-01-23,VNO,KIV,,,,,,
2024-01-17,2024-01-23,VNO,KIV,,,,,,
2024-01-17,2024-01-23,VNO,KIV,,,,,,
2024-01-17,2024-01-23,VNO,KIV,,,,,,
2024-01-17,2024-01-23,VNO,KIV,,,,,,
2024-01-17,2024-01-23,VNO,KIV,,,,,,
2024-01-17,2024-01-23,VNO,KIV,,,,,,
2024-01-17,2024-01-23,VNO,KIV,,,,,,
2024-01-17,2024-01-23,VNO,KIV,,,,,,
2024-01-17,2024-01-23,VNO,KIV,,,,,,
2024-01-17,2024-01-23,VNO,KIV,,,,,,
