Titre,Date,Lieux,Ville,Type,prix
"
      ENTREE WELLNESS ET FITNESS
    ","
      1 janvier 2022
    ",MONDORF DOMAINE THERMAL,MONDORF LES BAINS,LOISIRS ET TOURISME - BIEN-ETRE ET SPORT,"

      27.00 €"
"
      WALIBI BELGIUM - JOURNEES TERRIFIANTES
    ","
      21 octobre 2023
    ",WALIBI BELGIUM,WAVRE,PARC - PARC DE LOISIRS,"

      46.00 "
"
      PLOPSALAND - PASS SAISON
    ","
      9 février 2023
    ",PLOPSALAND,LA PANNE,PARC - PARC DE LOISIRS,"

      55.00 "
"
      BELLEWAERDE - HALLOWEEN 21/10 & 04/11/23
    ","
      21 octobre 2023
    ",BELLEWAERDE PARK,YPRES,PARC - PARC DE LOISIRS,"

      41.00 "
"
      PLOPSALAND - PASS GOLD
    ","
      14 février 2023
    ",PLOPSALAND,LA PANNE,PARC - PARC DE LOISIRS,"

      99.00 "
"
      QUEENS OF THE STONE AGE
    ","
      5 novembre 2023
    ",ROCKHAL - MAIN HALL,ESCH/ALZETTE,CONCERT - POP ROCK FOLK,
"
      REAL MADRID / RAYO VALLECANO
    ","
      5 novembre 2023
    ",STADE SANTIAGO BERNABEU - MADRID,MADRID,SPORT - FOOTBALL,
"
      WALIBI BELGIUM - HALLOWEEN EN FAMILLE
    ","
      22 octobre 2023
    ",WALIBI BELGIUM,WAVRE,PARC - PARC DE LOISIRS,"

      43.00 "
"
      BELLEWAERDE - JOURNEES HALLOWEEN
    ","
      22 octobre 2023
    ",BELLEWAERDE PARK,YPRES,PARC - PARC DE LOISIRS,"

      40.00 "
"
      DEATHSTARS
    ","
      6 novembre 2023
    ",ROCKHAL CLUB - LUXEMBOURG,ESCH/ALZETTE,CONCERT - HARD METAL,"

      29.20 "
"
      LAIBACH
    ","
      22 octobre 2023
    ",DEN ATELIER,LUXEMBOURG,CONCERT - POP ROCK FOLK,"

      38.50 "
"
      ATLETICO MADRID / CELTIC FC
    ","
      7 novembre 2023
    ",CIVITAS METROPOLITANO MADRID,MADRID,SPORT - FOOTBALL,
"
      REAL MADRID / SC BRAGA
    ","
      8 novembre 2023
    ",STADE SANTIAGO BERNABEU - MADRID,MADRID,SPORT - FOOTBALL,"

      137.50 "
"
      ROMAN FRAYSSINET
    ","
      10 novembre 2023
    ",CHAPITO - CASINO 2000,MONDORF LES BAINS,HUMOUR ET ONE (WO)MAN SHOW - HUMOUR,
"
      MARTIN SOLVEIG
    ","
      10 novembre 2023
    ",ROCKHAL CLUB - LUXEMBOURG,ESCH/ALZETTE,CONCERT - MUSIQUE ELECTRONIQUE,"

      50.00 "
"
      FC BARCELONE / D.ALAVES
    ","
      11 novembre 2023
    ",STADE OLYMPIQUE LLUIS COMPANYS,BARCELONE,SPORT - FOOTBALL,"

      66.00 "
"
      OBISPO
    ","
      11 novembre 2023
    ",FOREST NATIONAL,BRUXELLES,CONCERT - VARIETE ET CHANSON FRANCAISE,"

      49.00 "
"
      REAL MADRID / VALENCIA
    ","
      11 novembre 2023
    ",STADE SANTIAGO BERNABEU - MADRID,MADRID,SPORT - FOOTBALL,
"
      DEATH ANGEL & SACRED REICH
    ","
      12 novembre 2023
    ",GARAGE,SARREBRUCK/SARRE,CONCERT - HARD METAL,"

      35.20 "
"
      LIL TJAY
    ","
      12 novembre 2023
    ",ROCKHAL - MAIN HALL,ESCH/ALZETTE,CONCERT - RAP HIP-HOP SLAM,"

      46.50 "
"
      ATLETICO MADRID / VILLARREAL
    ","
      12 novembre 2023
    ",CIVITAS METROPOLITANO MADRID,MADRID,SPORT - FOOTBALL,"

      93.50 "
"
      BOBBEJAANLAND
    ","
      1 avril 2023
    ",BOBBEJAANLAND PARC,LICHTAART,PARC - PARC DE LOISIRS,"

      24.90 "
"
      DOMAINE DES GROTTES DE HAN
    ","
      18 février 2023
    ",DOMAINE DES GROTTES DE HAN,HAN SUR LESSE/BELGIQUE,PARC - PARC ANIMALIER,"

      27.50 "
"
      TOMMY CASTRO & THE PAINKILLERS
    ","
      14 novembre 2023
    ",ROCKHAL - THE FLOOR,ESCH S/ALZETTE,CONCERT - BLUES COUNTRY,"

      26.00 "
"
      FARY
    ","
      10 décembre 2023
    ",CHAPITO - CASINO 2000,MONDORF LES BAINS,HUMOUR ET ONE (WO)MAN SHOW - ONE (WO)MAN SHOW,"

      49.00 "
"
      LOUIS BERTIGNAC
    ","
      15 novembre 2023
    ",DEN ATELIER,LUXEMBOURG,CONCERT - POP ROCK FOLK,"

      50.00 "
"
      DANKO JONES
    ","
      17 novembre 2023
    ",DEN ATELIER,LUXEMBOURG,CONCERT - POP ROCK FOLK,"

      30.20 "
"
      CHRISTOPHE MAE
    ","
      17 novembre 2023
    ",FOREST NATIONAL,BRUXELLES,CONCERT - VARIETE ET CHANSON FRANCAISE,"

      35.00 "
"
      JAZZ & CINEMA
    ","
      17 novembre 2023
    ",OPERA GARNIER DE MONTE CARLO,MONTE CARLO,CONCERT - JAZZ,"

      13.50 "
"
      ARCHIVE
    ","
      17 novembre 2023
    ",ROCKHAL CLUB - LUXEMBOURG,ESCH/ALZETTE,CONCERT - POP ROCK FOLK,
"
      THE DARKNESS
    ","
      18 novembre 2023
    ",DEN ATELIER,LUXEMBOURG,CONCERT - POP ROCK FOLK,
"
      RON CARTER FOURSIGHT QUARTET
    ","
      18 novembre 2023
    ",OPERA GARNIER DE MONTE CARLO,MONTE CARLO,CONCERT - JAZZ,"

      73.50 "
"
      RAYE
    ","
      20 novembre 2023
    ",ROCKHAL CLUB - LUXEMBOURG,ESCH/ALZETTE,CONCERT - POP ROCK FOLK,"

      33.20 "
"
      ZAHO DE SAGAZAN
    ","
      21 novembre 2023
    ",ROCKHAL CLUB - LUXEMBOURG,ESCH/ALZETTE,CONCERT - POP ROCK FOLK,"

      27.00 "
"
      DAVE STEWART
    ","
      21 novembre 2023
    ",DEN ATELIER,LUXEMBOURG,CONCERT - POP ROCK FOLK,"

      57.00 "
"
      BILLY COBHAM SPECTRUM 50 PROJECT
    ","
      22 novembre 2023
    ",OPERA GARNIER DE MONTE CARLO,MONTE CARLO,CONCERT - JAZZ,"

      63.50 "
"
      JAN GARBAREK GROUP
    ","
      23 novembre 2023
    ",OPERA GARNIER DE MONTE CARLO,MONTE CARLO,CONCERT - JAZZ,"

      63.50 "
"
      KAREEN GUIOCK-THURAM
    ","
      24 novembre 2023
    ",OPERA GARNIER DE MONTE CARLO,MONTE CARLO,CONCERT - JAZZ,"

      63.50 "
"
      CHASE & STATUS (DJ SET)
    ","
      24 novembre 2023
    ",DEN ATELIER,LUXEMBOURG,CONCERT - MUSIQUE ELECTRONIQUE,"

      32.20 "
"
      ATLETICO MADRID / MALLORCA
    ","
      25 novembre 2023
    ",CIVITAS METROPOLITANO MADRID,MADRID,SPORT - FOOTBALL,"

      71.50 "
"
      MACY GRAY
    ","
      25 novembre 2023
    ",OPERA GARNIER DE MONTE CARLO,MONTE CARLO,CONCERT - JAZZ,"

      93.50 "
"
      SDM
    ","
      25 novembre 2023
    ",ROCKHAL CLUB - LUXEMBOURG,ESCH/ALZETTE,CONCERT - RAP HIP-HOP SLAM,
"
      AHMED SYLLA
    ","
      1 février 2024
    ",CHAPITO - CASINO 2000,MONDORF LES BAINS,HUMOUR ET ONE (WO)MAN SHOW - ONE (WO)MAN SHOW,"

      50.00 "
"
      LE SON D'ALEX, ALEX JAFFRAY
    ","
      26 novembre 2023
    ",OPERA GARNIER DE MONTE CARLO,MONTE CARLO,CONCERT - JAZZ,"

      43.50 "
"
      ALAIN CHAMFORT
    ","
      30 novembre 2023
    ",EGLISE SAINT-JACQUES DE TOURNAI,TOURNAI,CONCERT - VARIETE ET CHANSON FRANCAISE,"

      20.00 "
"
      THE PRODIGY
    ","
      28 novembre 2023
    ",ROCKHAL - MAIN HALL,ESCH/ALZETTE,CONCERT - MUSIQUE ELECTRONIQUE,"

      57.00 "
"
      FC BARCELONE / FC PORTO
    ","
      28 novembre 2023
    ",STADE OLYMPIQUE LLUIS COMPANYS,BARCELONE,SPORT - FOOTBALL,"

      71.50 "
"
      MADAGASCAR
    ","
      1 décembre 2023
    ",SALLE DES PRINCES - GRIMALDI FORUM,MONACO,SPECTACLE ET COMEDIE MUSICALE - COMEDIE MUSICALE,"

      33.20 "
"
      FEAR FACTORY
    ","
      29 novembre 2023
    ",ROCKHAL CLUB - LUXEMBOURG,ESCH/ALZETTE,CONCERT - HARD METAL,"

      33.20 "
"
      GAROU
    ","
      29 novembre 2023
    ",CHAPITO - CASINO 2000,MONDORF LES BAINS,CONCERT - VARIETE ET CHANSON FRANCAISE,"

      59.00 "
"
      JEANNE ADDED
    ","
      29 novembre 2023
    ",OPERA GARNIER DE MONTE CARLO,MONTE CARLO,CONCERT - JAZZ,"

      63.50 "
"
      REAL MADRID / SSC NAPOLI
    ","
      29 novembre 2023
    ",STADE SANTIAGO BERNABEU - MADRID,MADRID,SPORT - FOOTBALL,
"
      KO KO MO
    ","
      1 décembre 2023
    ",ESPACE LEO FERRE,MONACO,CONCERT - POP ROCK FOLK,"

      22.00 "
"
      IBRAHIM MAALOUF
    ","
      2 décembre 2023
    ",OPERA GARNIER DE MONTE CARLO,MONTE CARLO,CONCERT - JAZZ,"

      93.50 "
"
      FATOUMATA DIAWARA
    ","
      30 novembre 2023
    ",DEN ATELIER,LUXEMBOURG,CONCERT - POP ROCK FOLK,"

      43.00 "
"
      KEZIAH JONES
    ","
      30 novembre 2023
    ",OPERA GARNIER DE MONTE CARLO,MONTE CARLO,CONCERT - JAZZ,"

      63.50 "
"
      SOFT MACHINE
    ","
      30 novembre 2023
    ",ROCKHAL - THE FLOOR,ESCH S/ALZETTE,CONCERT - POP ROCK FOLK,"

      34.20 "
"
      KYO
    ","
      1 décembre 2023
    ",FOREST NATIONAL,BRUXELLES,CONCERT - VARIETE INTERNATIONALE,"

      44.00 "
"
      FC BARCELONE / ATLETICO MADRID
    ","
      2 décembre 2023
    ",STADE OLYMPIQUE LLUIS COMPANYS,BARCELONE,SPORT - FOOTBALL,
"
      REAL MADRID / GRANADA
    ","
      2 décembre 2023
    ",STADE SANTIAGO BERNABEU - MADRID,MADRID,SPORT - FOOTBALL,"

      115.50 "
"
      THE AMITY AFFLICTION
    ","
      2 décembre 2023
    ",GARAGE,SARREBRUCK/SARRE,CONCERT - HARD METAL,"

      38.70 "
"
      FRENCH 79
    ","
      2 décembre 2023
    ",ROCKHAL CLUB - LUXEMBOURG,ESCH/ALZETTE,CONCERT - POP ROCK FOLK,"

      32.20 "
"
      JAIN
    ","
      12 décembre 2023
    ",ROCKHAL CLUB - LUXEMBOURG,ESCH/ALZETTE,CONCERT - POP ROCK FOLK,"

      44.50 "
"
      LOIC NOTTET
    ","
      3 décembre 2023
    ",ROCKHAL CLUB - LUXEMBOURG,ESCH/ALZETTE,CONCERT - POP ROCK FOLK,"

      43.50 "
"
      GIRLS IN HAWAII
    ","
      5 décembre 2023
    ",ROCKHAL CLUB - LUXEMBOURG,ESCH/ALZETTE,CONCERT - POP ROCK FOLK,"

      33.20 "
"
      HALESTORM
    ","
      6 décembre 2023
    ",DEN ATELIER,LUXEMBOURG,CONCERT - POP ROCK FOLK,
"
      BABYMETAL
    ","
      7 décembre 2023
    ",ROCKHAL - MAIN HALL,ESCH/ALZETTE,CONCERT - POP ROCK FOLK,"

      46.50 "
"
      GOLDMANMANIA
    ","
      8 décembre 2023
    ",ROCKHAL CLUB - LUXEMBOURG,ESCH/ALZETTE,CONCERT - VARIETE ET CHANSON FRANCAISE,"

      39.00 "
"
      FC BARCELONE / GIRONA
    ","
      9 décembre 2023
    ",STADE OLYMPIQUE LLUIS COMPANYS,BARCELONE,SPORT - FOOTBALL,"

      82.50 "
"
      ATLETICO MADRID / ALMERIA
    ","
      9 décembre 2023
    ",CIVITAS METROPOLITANO MADRID,MADRID,SPORT - FOOTBALL,"

      71.50 "
"
      MANDO DIAO
    ","
      6 décembre 2023
    ",DEN ATELIER,LUXEMBOURG,CONCERT - HARD METAL,
"
      CARDINAL BLACK
    ","
      10 décembre 2023
    ",ROCKHAL - THE FLOOR,ESCH S/ALZETTE,CONCERT - BLUES COUNTRY,"

      29.20 "
"
      PAIRI DAIZA
    ","
      18 février 2023
    ",PAIRI DAIZA,BRUGELETTE,PARC - PARC ANIMALIER,"

      36.00 "
"
      THE RABEATS
    ","
      11 décembre 2023
    ",THE CAVERN CLUB LIVERPOOL,ROYAUME-UNI,CONCERT - POP ROCK FOLK,"

      30.00 "
"
      REAL MADRID / VILLARREAL
    ","
      16 décembre 2023
    ",STADE SANTIAGO BERNABEU - MADRID,MADRID,SPORT - FOOTBALL,"

      137.50 "
"
      MATMATAH
    ","
      14 décembre 2023
    ",DEN ATELIER,LUXEMBOURG,CONCERT - POP ROCK FOLK,
"
      THE BABOON SHOW
    ","
      15 décembre 2023
    ",GARAGE,SARREBRUCK/SARRE,CONCERT - HARD METAL,"

      32.20 "
"
      FAVE
    ","
      15 décembre 2023
    ",ROCKHAL CLUB - LUXEMBOURG,ESCH/ALZETTE,CONCERT - RAP HIP-HOP SLAM,"

      29.20 "
"
      LA ZARRA
    ","
      16 décembre 2023
    ",ROCKHAL CLUB - LUXEMBOURG,ESCH/ALZETTE,CONCERT - POP ROCK FOLK,
"
      WERENOI
    ","
      17 décembre 2023
    ",ROCKHAL CLUB - LUXEMBOURG,ESCH/ALZETTE,CONCERT - RAP HIP-HOP SLAM,"

      32.20 "
"
      ATLETICO MADRID / GETAFE
    ","
      19 décembre 2023
    ",CIVITAS METROPOLITANO MADRID,MADRID,SPORT - FOOTBALL,"

      71.50 "
"
      FC BARCELONE / UD ALMERIA
    ","
      19 décembre 2023
    ",STADE OLYMPIQUE LLUIS COMPANYS,BARCELONE,SPORT - FOOTBALL,"

      66.00 "
"
      BELLEWAERDE - LES JOURS GIVRÉS
    ","
      9 décembre 2023
    ",BELLEWAERDE PARK,YPRES,PARC - PARC DE LOISIRS,"

      25.50 "
"
      LETZ ZEP & THE DOORS IN CONCERT
    ","
      21 décembre 2023
    ",ROCKHAL CLUB - LUXEMBOURG,ESCH/ALZETTE,CONCERT - POP ROCK FOLK,"

      39.50 "
"
      BELLEWAERDE AQUAPARK
    ","
      16 janvier 2023
    ",BELLEWAERDE AQUAPARK,YPRES,PARC - PARC AQUATIQUE,"

      9.00 "
"
      EUROPA-PARK - HAUTE SAISON - 1 JOUR
    ","
      1 avril 2023
    ",EUROPA PARK,RUST,PARC - PARC DE LOISIRS,"

      56.00 "
"
      LA TROUPE DE JAMEL
    ","
      1 février 2024
    ",ROCKHAL - MAIN HALL,ESCH/ALZETTE,HUMOUR ET ONE (WO)MAN SHOW - ONE (WO)MAN SHOW,"

      40.00 "
"
      VIRTUAL ROOM BRUXELLES-REALITE VIRTUELLE
    ","
      31 décembre 2023
    ",VIRTUAL ROOM - BRUXELLES,BRUXELLES,LOISIRS ET TOURISME - GAMING,"

      30.00 "
"
      AQUARIUM DE BARCELONA
    ","
      1 juin 2023
    ",AQUARIUM DE BARCELONA,BARCELONA,PARC - PARC ANIMALIER,"

      18.00 "
"
      FUNNY-WORLD
    ","
      5 avril 2023
    ",PARC D'ATTRACTIONS FUNNY-WORLD,KAPPEL-GRAFENHAUSEN,PARC - PARC DE LOISIRS,"

      14.50 "
"
      VOL EN MONTGOLFIERE - DIVERS LIEUX
    ","
      1 janvier 2023
    ",FRANCE MONTGOLFIERE,FRANCE,LOISIRS ET TOURISME - VISITE ET EXCURSION,"

      165.00 "
"
      VIRTUAL PARK - MISSION FAMILY & FRIENDS
    ","
      11 août 2022
    ",VIRTUAL PARK,MOUSCRON,PARC - PARC DE LOISIRS,"

      31.50 "
"
      VIRTUAL PARK - MISSION SAVE THE WORLD
    ","
      10 août 2022
    ",VIRTUAL PARK,MOUSCRON,PARC - PARC DE LOISIRS,"

      40.50 "
"
      VIRTUAL PARK - DISCOVERY MISSION
    ","
      11 août 2022
    ",VIRTUAL PARK,MOUSCRON,PARC - PARC DE LOISIRS,"

      22.50 "
"
      REAL MADRID / MALLORCA
    ","
      2 janvier 2024
    ",STADE SANTIAGO BERNABEU - MADRID,MADRID,SPORT - FOOTBALL,"

      165.00 "
"
      EUROPA-PARK - BASSE SAISON - 1 JOUR
    ","
      25 mars 2023
    ",EUROPA PARK,RUST,PARC - PARC DE LOISIRS,"

      49.00 "
"
      CASSE-NOISETTE - BALLET ET ORCHESTRE
    ","
      19 janvier 2024
    ",ROCKHAL - MAIN HALL,ESCH/ALZETTE,DANSE - DANSE CLASSIQUE,"

      52.00 "
"
      CHAPLIN'S WORLD - BILLET PERIODE NOEL CE
    ","
      2 décembre 2023
    ",CHAPLIN'S WORLD,CORSIER-SUR-VEVEY,EXPOSITION ET MUSEE - MUSEE,
"
      WALIBI BELGIUM - WINTER 2023
    ","
      16 décembre 2023
    ",WALIBI BELGIUM,WAVRE,PARC - PARC DE LOISIRS,"

      35.50 "
"
      WALIBI BELGIUM - LES JOURS GIVRÉS
    ","
      16 décembre 2023
    ",WALIBI BELGIUM,WAVRE,PARC - PARC DE LOISIRS,"

      32.50 "
"
      BELLEWAERDE - NOEL 2023
    ","
      9 décembre 2023
    ",BELLEWAERDE PARK,YPRES,PARC - PARC DE LOISIRS,"

      32.00 "
"
      PORTAVENTURA PARK + FERRARI LAND
    ","
      3 avril 2023
    ",PORTAVENTURA WORLD,VILA-SECA,PARC - PARC DE LOISIRS,"

      67.00 "
"
      PORTAVENTURA PARK
    ","
      31 mars 2023
    ",PORTAVENTURA WORLD,VILA-SECA,PARC - PARC DE LOISIRS,"

      57.00 "
"
      EUROPA-PARK - HAUTE SAISON - 2 JOURS
    ","
      1 avril 2023
    ",EUROPA PARK,RUST,PARC - PARC DE LOISIRS,"

      102.00 "
"
      EUROPA-PARK - BASSE SAISON - 2 JOURS
    ","
      25 mars 2023
    ",EUROPA PARK,RUST,PARC - PARC DE LOISIRS,"

      90.00 "
"
      CHAPLIN'S WORLD
    ","
      21 janvier 2023
    ",CHAPLIN'S WORLD,CORSIER-SUR-VEVEY,EXPOSITION ET MUSEE - MUSEE,"

      19.00 "
"
      PLOPSAQUA - PROMOTION
    ","
      30 octobre 2023
    ",PLOPSAQUA,LA PANNE,PARC - PARC AQUATIQUE,"

      19.25 "
"
      MUSEE OCEANOGRAPHIQUE DE MONACO
    ","
      1 janvier 2023
    ",MUSEE OCEANOGRAPHIQUE/AQUARIUM,MONACO,EXPOSITION ET MUSEE - MUSEE,"

      12.00 "
"
      ADOS VS PARENTS : MODE D'EMPLOI
    ","
      12 janvier 2024
    ",CENTRE CULTUREL D'AUDERGHEM,BRUXELLES,THEATRE - COMEDIE,"

      21.00 "
"
      GIANT ROOKS
    ","
      12 janvier 2024
    ",ROCKHAL CLUB - LUXEMBOURG,ESCH/ALZETTE,CONCERT - POP ROCK FOLK,"

      36.20 "
"
      KLEK ENTÓS
    ","
      12 janvier 2024
    ",SALLE PRINCE PIERRE - GRIMALDI FORUM,MONACO,HUMOUR ET ONE (WO)MAN SHOW - HUMOUR,"

      41.50 "
"
      LE CLAN DES DIVORCEES
    ","
      12 janvier 2024
    ",CENTRE CULTUREL D'AUDERGHEM,BRUXELLES,THEATRE - COMEDIE,"

      37.20 "
"
      ATLETICO MADRID / RAYO VALLECANO
    ","
      13 janvier 2024
    ",CIVITAS METROPOLITANO MADRID,MADRID,SPORT - FOOTBALL,"

      71.50 "
"
      FC BARCELONE / OSASUNA
    ","
      13 janvier 2024
    ",STADE OLYMPIQUE LLUIS COMPANYS,BARCELONE,SPORT - FOOTBALL,"

      66.00 "
"
      TESSERACT
    ","
      18 janvier 2024
    ",ROCKHAL CLUB - LUXEMBOURG,ESCH/ALZETTE,CONCERT - HARD METAL,"

      34.20 "
"
      CHRISTOPHE MAE
    ","
      19 janvier 2024
    ",FOREST NATIONAL,BRUXELLES,CONCERT - VARIETE ET CHANSON FRANCAISE,"

      35.00 "
"
      REAL MADRID / ALMERIA
    ","
      20 janvier 2024
    ",STADE SANTIAGO BERNABEU - MADRID,MADRID,SPORT - FOOTBALL,"

      137.50 "
"
      REAL MADRID / GIRONA
    ","
      10 février 2024
    ",STADE SANTIAGO BERNABEU - MADRID,MADRID,SPORT - FOOTBALL,"

      143.00 "
"
      ATLETICO MADRID / VALENCIA
    ","
      27 janvier 2024
    ",CIVITAS METROPOLITANO MADRID,MADRID,SPORT - FOOTBALL,"

      93.50 "
"
      FC BARCELONE / VILLARREAL
    ","
      27 janvier 2024
    ",STADE OLYMPIQUE LLUIS COMPANYS,BARCELONE,SPORT - FOOTBALL,"

      82.50 "
"
      PERIPHERY
    ","
      29 janvier 2024
    ",ROCKHAL CLUB - LUXEMBOURG,ESCH/ALZETTE,CONCERT - HARD METAL,"

      34.20 "
"
      JAMES BLUNT
    ","
      25 février 2024
    ",ROCKHAL - MAIN HALL,ESCH/ALZETTE,CONCERT - POP ROCK FOLK,"

      61.00 "
"
      K'S CHOICE
    ","
      31 janvier 2024
    ",CENTRE CULTUREL DUDELANGE OPDERSCHMELZ,DUDELANGE,CONCERT - POP ROCK FOLK,"

      32.20 "
"
      FLAVIEN BERGER
    ","
      1 février 2024
    ",DEN ATELIER,LUXEMBOURG,CONCERT - MUSIQUE ELECTRONIQUE,"

      30.20 "
"
      LETO
    ","
      2 février 2024
    ",DEN ATELIER,LUXEMBOURG,CONCERT - RAP HIP-HOP SLAM,"

      35.20 "
"
      REAL MADRID / ATLETICO MADRID
    ","
      3 février 2024
    ",STADE SANTIAGO BERNABEU - MADRID,MADRID,SPORT - FOOTBALL,"

      385.00 "
"
      ABBA GOLD – The Concert Show
    ","
      26 mai 2024
    ",ROCKHAL CLUB - LUXEMBOURG,ESCH/ALZETTE,CONCERT - POP ROCK FOLK,"

      45.00 "
"
      GLAUQUE
    ","
      3 février 2024
    ",ROCKHAL CLUB - LUXEMBOURG,ESCH/ALZETTE,CONCERT - RAP HIP-HOP SLAM,"

      24.00 "
"
      GLORYHAMMER & BEAST IN BLACK
    ","
      4 février 2024
    ",GARAGE,SARREBRUCK/SARRE,CONCERT - HARD METAL,"

      50.71 "
"
      REAL MADRID / CELTA VIGO
    ","
      9 mars 2024
    ",STADE SANTIAGO BERNABEU - MADRID,MADRID,SPORT - FOOTBALL,"

      143.00 "
"
      NAIM
    ","
      4 mai 2024
    ",CHAPITO - CASINO 2000,MONDORF LES BAINS,HUMOUR ET ONE (WO)MAN SHOW - ONE (WO)MAN SHOW,"

      39.00 "
"
      BATTLE BEAST
    ","
      8 février 2024
    ",ROCKHAL CLUB - LUXEMBOURG,ESCH/ALZETTE,CONCERT - HARD METAL,"

      31.20 "
"
      WISHBONE ASH
    ","
      9 février 2024
    ",CENTRE CULTUREL DUDELANGE OPDERSCHMELZ,DUDELANGE,CONCERT - POP ROCK FOLK,"

      27.20 "
"
      Goldmen
    ","
      9 février 2024
    ",CHAPITO - CASINO 2000,MONDORF LES BAINS,CONCERT - VARIETE ET CHANSON FRANCAISE,"

      39.00 "
"
      FC BARCELONE / GRANADA
    ","
      10 février 2024
    ",STADE OLYMPIQUE LLUIS COMPANYS,BARCELONE,SPORT - FOOTBALL,"

      66.00 "
"
      THE BOOTLEG BEATLES
    ","
      13 février 2024
    ",ROCKHAL CLUB - LUXEMBOURG,ESCH/ALZETTE,CONCERT - POP ROCK FOLK,"

      35.20 "
"
      CALOGERO
    ","
      2 mars 2024
    ",ROCKHAL - MAIN HALL,ESCH/ALZETTE,CONCERT - VARIETE ET CHANSON FRANCAISE,"

      59.00 "
"
      FREEZE CORLEONE
    ","
      16 février 2024
    ",ROCKHAL - MAIN HALL,ESCH/ALZETTE,CONCERT - RAP HIP-HOP SLAM,"

      42.50 "
"
      ATLETICO MADRID / LAS PALMAS
    ","
      17 février 2024
    ",CIVITAS METROPOLITANO MADRID,MADRID,SPORT - FOOTBALL,"

      71.50 "
"
      FESTIVAL INTERNATIONAL VIVE LA MAGIE
    ","
      17 février 2024
    ",CENTRE CULTUREL D'AUDERGHEM,BRUXELLES,SPECTACLE ET COMEDIE MUSICALE - MAGIE,"

      34.50 "
"
      SCARY POCKETS
    ","
      17 février 2024
    ",ROCKHAL CLUB - LUXEMBOURG,ESCH/ALZETTE,CONCERT - JAZZ,"

      30.20 "
"
      ROCK IN RIO LISBOA 2024 - WEEKEND PASS
    ","
      15 juin 2024
    ",PARQUE URBANO DO TEJO E DO TRANCAO,LISBOA,FESTIVAL - FESTIVAL MUSIQUE,"

      147.00 "
"
      TSEW THE KID
    ","
      23 février 2024
    ",DEN ATELIER,LUXEMBOURG,CONCERT - RAP HIP-HOP SLAM,"

      30.20 "
"
      FC BARCELONE / GETAFE
    ","
      24 février 2024
    ",STADE OLYMPIQUE LLUIS COMPANYS,BARCELONE,SPORT - FOOTBALL,"

      82.50 "
"
      REAL MADRID / SEVILLA
    ","
      24 février 2024
    ",STADE SANTIAGO BERNABEU - MADRID,MADRID,SPORT - FOOTBALL,"

      187.00 "
"
      CENDRILLON
    ","
      24 février 2024
    ",THEATRE DE LA LOUVIERE,LA LOUVIÈRE,THEATRE - COMEDIE,"

      13.60 "
"
      ADOS VS PARENTS : MODE D'EMPLOI
    ","
      24 février 2024
    ",THEATRE DE LA LOUVIERE,LA LOUVIÈRE,THEATRE - COMEDIE,"

      21.00 "
"
      LE CLAN DES DIVORCEES
    ","
      24 février 2024
    ",THEATRE DE LA LOUVIERE,LA LOUVIÈRE,THEATRE - COMEDIE,"

      37.20 "
"
      IAM
    ","
      26 février 2024
    ",ROCKHAL CLUB - LUXEMBOURG,ESCH/ALZETTE,CONCERT - RAP HIP-HOP SLAM,"

      46.50 "
"
      HOLLY HUMBERSTONE
    ","
      27 février 2024
    ",ROCKHAL CLUB - LUXEMBOURG,ESCH/ALZETTE,CONCERT - POP ROCK FOLK,"

      28.20 "
"
      DIONYSOS
    ","
      28 février 2024
    ",ROCKHAL CLUB - LUXEMBOURG,ESCH/ALZETTE,CONCERT - POP ROCK FOLK,"

      37.70 "
"
      JASON DERULO
    ","
      29 février 2024
    ",ROCKHAL - MAIN HALL,ESCH/ALZETTE,CONCERT - RNB SOUL FUNK DISCO,"

      73.00 "
"
      LA GUERRE DES SEXES
    ","
      1 mars 2024
    ",CENTRE CULTUREL D'AUDERGHEM,BRUXELLES,THEATRE - COMEDIE,"

      37.00 "
"
      ATLETICO MADRID / REAL BETIS
    ","
      2 mars 2024
    ",CIVITAS METROPOLITANO MADRID,MADRID,SPORT - FOOTBALL,"

      110.00 "
"
      FC BARCELONE / RCD MALLORCA
    ","
      9 mars 2024
    ",STADE OLYMPIQUE LLUIS COMPANYS,BARCELONE,SPORT - FOOTBALL,"

      66.00 "
"
      SIMPLE MINDS
    ","
      2 avril 2024
    ",ROCKHAL - MAIN HALL,ESCH/ALZETTE,CONCERT - POP ROCK FOLK,"

      54.00 "
"
      MANU PAYET
    ","
      12 mars 2024
    ",SALLE PRINCE PIERRE - GRIMALDI FORUM,MONACO,HUMOUR ET ONE (WO)MAN SHOW - HUMOUR,"

      48.00 "
"
      IDLES
    ","
      12 mars 2024
    ",ROCKHAL - MAIN HALL,ESCH/ALZETTE,CONCERT - POP ROCK FOLK,"

      43.50 "
"
      BOODER IS BACK
    ","
      13 mars 2024
    ",SALLE PRINCE PIERRE - GRIMALDI FORUM,MONACO,HUMOUR ET ONE (WO)MAN SHOW - HUMOUR,"

      44.50 "
"
      FRANCOIS-XAVIER DEMAISON
    ","
      14 mars 2024
    ",SALLE PRINCE PIERRE - GRIMALDI FORUM,MONACO,HUMOUR ET ONE (WO)MAN SHOW - HUMOUR,"

      52.00 "
"
      EDDY DE PRETTO
    ","
      15 mars 2024
    ",DEN ATELIER,LUXEMBOURG,CONCERT - VARIETE ET CHANSON FRANCAISE,"

      46.50 "
"
      LE COMEDY DES SERENISSIMES
    ","
      15 mars 2024
    ",SALLE CAMILLE BLANC - GRIMALDI FORUM,MONACO,HUMOUR ET ONE (WO)MAN SHOW - HUMOUR,"

      32.20 "
"
      SHAKA PONK
    ","
      15 mars 2024
    ",ROCKHAL - MAIN HALL,ESCH/ALZETTE,CONCERT - POP ROCK FOLK,"

      43.50 "
"
      ATLETICO MADRID / FC BARCELONE
    ","
      16 mars 2024
    ",CIVITAS METROPOLITANO MADRID,MADRID,SPORT - FOOTBALL,"

      198.00 "
"
      DAVID VOINSON
    ","
      16 mars 2024
    ",SALLE PRINCE PIERRE - GRIMALDI FORUM,MONACO,HUMOUR ET ONE (WO)MAN SHOW - HUMOUR,"

      42.50 "
"
      LP
    ","
      17 mars 2024
    ",DEN ATELIER,LUXEMBOURG,CONCERT - POP ROCK FOLK,"

      41.50 "
"
      MOTHER MOTHER
    ","
      22 mars 2024
    ",DEN ATELIER,LUXEMBOURG,CONCERT - POP ROCK FOLK,"

      37.50 "
"
      IAM
    ","
      22 mars 2024
    ",ESPACE LEO FERRE,MONACO,CONCERT - RAP HIP-HOP SLAM,"

      38.50 "
"
      PABLO MIRA
    ","
      1 juin 2024
    ",SALLE PRINCE PIERRE - GRIMALDI FORUM,MONACO,HUMOUR ET ONE (WO)MAN SHOW - HUMOUR,"

      44.50 "
"
      MASS HYSTERIA
    ","
      23 mars 2024
    ",DEN ATELIER,LUXEMBOURG,CONCERT - HARD METAL,"

      35.20 "
"
      PAROV STELAR
    ","
      23 mars 2024
    ",ROCKHAL CLUB - LUXEMBOURG,ESCH/ALZETTE,CONCERT - MUSIQUE ELECTRONIQUE,"

      50.00 "
"
      L'HERITAGE GOLDMAN
    ","
      24 mars 2024
    ",ROCKHAL - MAIN HALL,ESCH/ALZETTE,CONCERT - VARIETE ET CHANSON FRANCAISE,"

      49.00 "
"
      MIKA
    ","
      26 mars 2024
    ",ROCKHAL - MAIN HALL,ESCH/ALZETTE,CONCERT - VARIETE INTERNATIONALE,"

      53.00 "
"
      PLOPSALAND - PASS ADULTE + PARKING
    ","
      9 février 2023
    ",PLOPSALAND,LA PANNE,PARC - PARC DE LOISIRS,"

      149.00 "
"
      PLOPSALAND
    ","
      9 février 2023
    ",PLOPSALAND,LA PANNE,PARC - PARC DE LOISIRS,"

      17.99 "
"
      REAL MADRID / ATHLETIC BILBAO
    ","
      30 mars 2024
    ",STADE SANTIAGO BERNABEU - MADRID,MADRID,SPORT - FOOTBALL,"

      187.00 "
"
      PLOPSAQUA
    ","
      9 février 2023
    ",PLOPSAQUA,LA PANNE,PARC - PARC AQUATIQUE,"

      13.50 "
"
      PLOPSAQUA- PASS ADULTE + PARKING
    ","
      9 février 2023
    ",PLOPSAQUA,LA PANNE,PARC - PARC AQUATIQUE,"

      149.00 "
"
      FC BARCELONE / LAS PALMAS
    ","
      30 mars 2024
    ",STADE OLYMPIQUE LLUIS COMPANYS,BARCELONE,SPORT - FOOTBALL,"

      82.50 "
"
      CENDRILLON
    ","
      31 mars 2024
    ",THEATRE DE NAMUR,NAMUR,THEATRE - COMEDIE,"

      13.60 "
"
      ADOS VS PARENTS : MODE D'EMPLOI
    ","
      31 mars 2024
    ",THEATRE DE NAMUR,NAMUR,THEATRE - COMEDIE,"

      21.00 "
"
      LE CLAN DES DIVORCEES
    ","
      31 mars 2024
    ",THEATRE DE NAMUR,NAMUR,THEATRE - COMEDIE,"

      37.20 "
"
      CARAVAN PALACE
    ","
      3 avril 2024
    ",Shepherd's Bush Empire,LONDRES,CONCERT - POP ROCK FOLK,"

      41.10 "
"
      WARKINGS
    ","
      4 avril 2024
    ",GARAGE,SARREBRUCK/SARRE,CONCERT - HARD METAL,"

      33.70 "
"
      MAHMOOD
    ","
      4 avril 2024
    ",ROCKHAL CLUB - LUXEMBOURG,ESCH/ALZETTE,CONCERT - POP ROCK FOLK,"

      60.00 "
"
      PLOPSALAND - PROMOTION
    ","
      30 octobre 2023
    ",PLOPSALAND,LA PANNE,PARC - PARC DE LOISIRS,"

      33.95 "
"
      ATLETICO MADRID / GIRONA
    ","
      13 avril 2024
    ",CIVITAS METROPOLITANO MADRID,MADRID,SPORT - FOOTBALL,"

      71.50 "
"
      MAXIME GASTEUIL
    ","
      13 avril 2024
    ",ESPACE LEO FERRE,MONACO,HUMOUR ET ONE (WO)MAN SHOW - ONE (WO)MAN SHOW,"

      34.20 "
"
      MR. BIG
    ","
      15 avril 2024
    ",ROCKHAL CLUB - LUXEMBOURG,ESCH/ALZETTE,CONCERT - POP ROCK FOLK,"

      43.50 "
"
      FEUERSCHWANZ
    ","
      18 avril 2024
    ",GARAGE,SARREBRUCK/SARRE,CONCERT - HARD METAL,"

      44.70 "
"
      REAL MADRID / FC BARCELONA
    ","
      20 avril 2024
    ",STADE SANTIAGO BERNABEU - MADRID,MADRID,SPORT - FOOTBALL,"

      735.00 "
"
      JEFF PANACLOC
    ","
      21 avril 2024
    ",ROCKHAL - MAIN HALL,ESCH/ALZETTE,HUMOUR ET ONE (WO)MAN SHOW - ONE (WO)MAN SHOW,"

      41.50 "
"
      BEYOND THE BLACK
    ","
      21 avril 2024
    ",GARAGE,SARREBRUCK/SARRE,CONCERT - HARD METAL,"

      45.46 "
"
      PINK MARTINI
    ","
      24 avril 2024
    ",ROCKHAL CLUB - LUXEMBOURG,ESCH/ALZETTE,CONCERT - BLUES COUNTRY,"

      48.50 "
"
      ATLETICO MADRID / ATHLETIC BILBAO
    ","
      27 avril 2024
    ",CIVITAS METROPOLITANO MADRID,MADRID,SPORT - FOOTBALL,"

      115.50 "
"
      FC BARCELONE / VALENCIA
    ","
      27 avril 2024
    ",STADE OLYMPIQUE LLUIS COMPANYS,BARCELONE,SPORT - FOOTBALL,"

      82.50 "
"
      AVISHAI COHEN BANDA IROKO
    ","
      2 mai 2024
    ",DEN ATELIER,LUXEMBOURG,CONCERT - JAZZ,"

      49.00 "
"
      LE LAC DES CYGNES - BALLET ET ORCHESTRE
    ","
      2 mai 2024
    ",ROCKHAL - MAIN HALL,ESCH/ALZETTE,DANSE - DANSE CLASSIQUE,"

      52.00 "
"
      THE BLUES BROTHERS
    ","
      3 mai 2024
    ",SALLE DES PRINCES - GRIMALDI FORUM,MONACO,CONCERT - VARIETE ET CHANSON FRANCAISE,"

      33.20 "
"
      TENACIOUS D
    ","
      3 mai 2024
    ",ROCKHAL - MAIN HALL,ESCH/ALZETTE,CONCERT - POP ROCK FOLK,
"
      REAL MADRID / CADIZ
    ","
      4 mai 2024
    ",STADE SANTIAGO BERNABEU - MADRID,MADRID,SPORT - FOOTBALL,"

      165.00 "
"
      FC BARCELONE / REAL SOCIEDAD
    ","
      11 mai 2024
    ",STADE OLYMPIQUE LLUIS COMPANYS,BARCELONE,SPORT - FOOTBALL,"

      93.50 "
"
      ATLETICO MADRID / CELTA VIGO
    ","
      11 mai 2024
    ",CIVITAS METROPOLITANO MADRID,MADRID,SPORT - FOOTBALL,"

      71.50 "
"
      BELLEWAERDE PARK - OFFRE ENFANT GRATUIT
    ","
      9 décembre 2023
    ",BELLEWAERDE PARK,YPRES,PARC - PARC DE LOISIRS,
"
      REAL MADRID / ALAVES
    ","
      14 mai 2024
    ",STADE SANTIAGO BERNABEU - MADRID,MADRID,SPORT - FOOTBALL,"

      165.00 "
"
      FC BARCELONE / RAYO VALLECANO
    ","
      18 mai 2024
    ",STADE OLYMPIQUE LLUIS COMPANYS,BARCELONE,SPORT - FOOTBALL,"

      93.50 "
"
      ATLETICO MADRID / OSASUNA
    ","
      18 mai 2024
    ",CIVITAS METROPOLITANO MADRID,MADRID,SPORT - FOOTBALL,"

      71.50 "
"
      MC SOLAAR
    ","
      24 mai 2024
    ",ROCKHAL CLUB - LUXEMBOURG,ESCH/ALZETTE,CONCERT - RAP HIP-HOP SLAM,"

      40.50 "
"
      REAL MADRID / REAL BETIS
    ","
      25 mai 2024
    ",STADE SANTIAGO BERNABEU - MADRID,MADRID,SPORT - FOOTBALL,"

      230.00 "
"
      ROCK IN RIO LISBOA 2024 - DAILY GA
    ","
      15 juin 2024
    ",PARQUE URBANO DO TEJO E DO TRANCAO,LISBOA,FESTIVAL - FESTIVAL MUSIQUE,"

      84.00 "
"
      ROCK IN RIO LISBOA - DAILY VIP 15/06
    ","
      15 juin 2024
    ",PARQUE URBANO DO TEJO E DO TRANCAO,LISBOA,FESTIVAL - FESTIVAL MUSIQUE,
"
      ROCK IN RIO LISBOA - DAILY VIP 16/06
    ","
      16 juin 2024
    ",PARQUE URBANO DO TEJO E DO TRANCAO,LISBOA,FESTIVAL - FESTIVAL MUSIQUE,
"
      ROCK IN RIO LISBOA - DAILY VIP 22/06
    ","
      22 juin 2024
    ",PARQUE URBANO DO TEJO E DO TRANCAO,LISBOA,FESTIVAL - FESTIVAL MUSIQUE,
"
      ROCK IN RIO LISBOA - DAILY VIP 23/06
    ","
      23 juin 2024
    ",PARQUE URBANO DO TEJO E DO TRANCAO,LISBOA,FESTIVAL - FESTIVAL MUSIQUE,
"
      HOLIDAY PARK
    ","
      1 avril 2023
    ",HOLIDAY PARK,HASSLOCH,PARC - PARC DE LOISIRS,"

      17.99 "
"
      HOLIDAY PARK - PROMOTION
    ","
      30 octobre 2023
    ",HOLIDAY PARK,HASSLOCH,PARC - PARC DE LOISIRS,"

      33.95 "
"
      LOUANE
    ","
      17 juillet 2024
    ",NEIMENSTER,LUXEMBOURG,CONCERT - VARIETE ET CHANSON FRANCAISE,"

      54.00 "
"
      JARRY
    ","
      17 octobre 2024
    ",CHAPITO - CASINO 2000,MONDORF LES BAINS,HUMOUR ET ONE (WO)MAN SHOW - ONE (WO)MAN SHOW,"

      40.00 "
"
      WITHIN TEMPTATION
    ","
      5 décembre 2024
    ",ROCKHAL BOX - LUXEMBOURG,ESCH/ALZETTE,CONCERT - HARD METAL,"

      54.00 "
"
      BUN HAY MEAN
    ","
      6 décembre 2024
    ",CHAPITO - CASINO 2000,MONDORF LES BAINS,HUMOUR ET ONE (WO)MAN SHOW - ONE (WO)MAN SHOW,"

      39.00 "
"
      B.B. JACQUES
    ","
      6 décembre 2024
    ",DEN ATELIER,LUXEMBOURG,CONCERT - RAP HIP-HOP SLAM,"

      28.20 "
"
      DIE FANTASTISCHEN VIER
    ","
      14 décembre 2024
    ",ROCKHAL - MAIN HALL,ESCH/ALZETTE,CONCERT - POP ROCK FOLK,"

      78.50 "
"
      FESTIVAL MONDIAL DE LA MAGIE
    ","
      25 janvier 2025
    ",CHAPITO - CASINO 2000,MONDORF LES BAINS,CONCERT - VARIETE ET CHANSON FRANCAISE,"

      35.00 "
"
      GIMS
    ","
      2 février 2025
    ",ROCKHAL - MAIN HALL,ESCH/ALZETTE,CONCERT - VARIETE ET CHANSON FRANCAISE,"

      48.50 "
