Titre,Lien_du_titre,eventresultdate,eventresultdate1,eventresultdate2,location_lien,location,location3,eventresultgenreitem,eventresultartistlink,prix
"
      ENTREE WELLNESS ET FITNESS
    ",https://www.ticketmaster.fr/fr/manifestation/entree-wellness-et-fitness-billet/idmanif/517024,"
    Du
    
      1 janvier 2022
    
    au
    
      31 décembre 2024
    ","
      1 janvier 2022
    ","
      31 décembre 2024
    ",https://www.ticketmaster.fr/fr/salle/mondorf-domaine-thermal/idsite/13281,MONDORF DOMAINE THERMAL,MONDORF LES BAINS,LOISIRS ET TOURISME - BIEN-ETRE ET SPORT,"
          MONDORF DOMAINE THERMAL
        ","
      à partir de
      27.00 €"
"
      WALIBI BELGIUM - JOURNEES TERRIFIANTES
    ",https://www.ticketmaster.fr/fr/manifestation/walibi-belgium-journees-terrifiantes-billet/idmanif/563484,"
    Du
    
      21 octobre 2023
    
    au
    
      4 novembre 2023
    ","
      21 octobre 2023
    ","
      4 novembre 2023
    ",https://www.ticketmaster.fr/fr/salle/walibi-belgium/idsite/5307,WALIBI BELGIUM,WAVRE,PARC - PARC DE LOISIRS,"
          WALIBI BELGIUM
        ","
      à partir de
      46.00 €"
"
      PLOPSALAND - PASS SAISON
    ",https://www.ticketmaster.fr/fr/manifestation/plopsaland-pass-saison-billet/idmanif/546911,"
    Du
    
      9 février 2023
    
    au
    
      27 mars 2024
    ","
      9 février 2023
    ","
      27 mars 2024
    ",https://www.ticketmaster.fr/fr/salle/plopsaland/idsite/3471,PLOPSALAND,LA PANNE,PARC - PARC DE LOISIRS,"
          PLOPSALAND
        ","
      à partir de
      55.00 €"
"
      BELLEWAERDE - HALLOWEEN 21/10 & 04/11/23
    ",https://www.ticketmaster.fr/fr/manifestation/bellewaerde-halloween-21-10-04-11-23-billet/idmanif/564117,"
    Du
    
      21 octobre 2023
    
    au
    
      4 novembre 2023
    ","
      21 octobre 2023
    ","
      4 novembre 2023
    ",https://www.ticketmaster.fr/fr/salle/bellewaerde-park/idsite/5306,BELLEWAERDE PARK,YPRES,PARC - PARC DE LOISIRS,"
          BELLEWAERDE
        ","
      à partir de
      41.00 €"
"
      PLOPSALAND - PASS GOLD
    ",https://www.ticketmaster.fr/fr/manifestation/plopsaland-pass-gold-billet/idmanif/547195,"
    Du
    
      14 février 2023
    
    au
    
      27 mars 2024
    ","
      14 février 2023
    ","
      27 mars 2024
    ",https://www.ticketmaster.fr/fr/salle/plopsaland/idsite/3471,PLOPSALAND,LA PANNE,PARC - PARC DE LOISIRS,"
          PLOPSALAND
        ","
      à partir de
      99.00 €"
"
      QUEENS OF THE STONE AGE
    ",https://www.ticketmaster.fr/fr/manifestation/queens-of-the-stone-age-billet/idmanif/557136,"
      5 novembre 2023
    ","
      5 novembre 2023
    ",,https://www.ticketmaster.fr/fr/salle/rockhal-main-hall/idsite/6566,ROCKHAL - MAIN HALL,ESCH/ALZETTE,CONCERT - POP ROCK FOLK,"
          QUEENS OF THE STONE AGE
        ",
"
      REAL MADRID / RAYO VALLECANO
    ",https://www.ticketmaster.fr/fr/manifestation/real-madrid-rayo-vallecano-billet/idmanif/560126,"
      5 novembre 2023
    ","
      5 novembre 2023
    ",,https://www.ticketmaster.fr/fr/salle/stade-santiago-bernabeu-madrid/idsite/13710,STADE SANTIAGO BERNABEU - MADRID,MADRID,SPORT - FOOTBALL,"
          REAL MADRID CF
        ",
"
      WALIBI BELGIUM - HALLOWEEN EN FAMILLE
    ",https://www.ticketmaster.fr/fr/manifestation/walibi-belgium-halloween-en-famille-billet/idmanif/563470,"
    Du
    
      22 octobre 2023
    
    au
    
      5 novembre 2023
    ","
      22 octobre 2023
    ","
      5 novembre 2023
    ",https://www.ticketmaster.fr/fr/salle/walibi-belgium/idsite/5307,WALIBI BELGIUM,WAVRE,PARC - PARC DE LOISIRS,"
          WALIBI BELGIUM
        ","
      à partir de
      43.00 €"
"
      BELLEWAERDE - JOURNEES HALLOWEEN
    ",https://www.ticketmaster.fr/fr/manifestation/bellewaerde-journees-halloween-billet/idmanif/564102,"
    Du
    
      22 octobre 2023
    
    au
    
      5 novembre 2023
    ","
      22 octobre 2023
    ","
      5 novembre 2023
    ",https://www.ticketmaster.fr/fr/salle/bellewaerde-park/idsite/5306,BELLEWAERDE PARK,YPRES,PARC - PARC DE LOISIRS,"
          BELLEWAERDE
        ","
      à partir de
      40.00 €"
"
      DEATHSTARS
    ",https://www.ticketmaster.fr/fr/manifestation/deathstars-billet/idmanif/552781,"
      6 novembre 2023
    ","
      6 novembre 2023
    ",,https://www.ticketmaster.fr/fr/salle/rockhal-club-luxembourg/idsite/6566,ROCKHAL CLUB - LUXEMBOURG,ESCH/ALZETTE,CONCERT - HARD METAL,"
          DEATHSTARS
        ","
      à partir de
      29.20 €"
"
      LAIBACH
    ",https://www.ticketmaster.fr/fr/manifestation/laibach-billet/idmanif/560911,"
    Du
    
      22 octobre 2023
    
    au
    
      7 novembre 2023
    ","
      22 octobre 2023
    ","
      7 novembre 2023
    ",https://www.ticketmaster.fr/fr/salle/den-atelier/idsite/1898,DEN ATELIER,LUXEMBOURG,CONCERT - POP ROCK FOLK,"
          LAIBACH
        ","
      à partir de
      38.50 €"
"
      ATLETICO MADRID / CELTIC FC
    ",https://www.ticketmaster.fr/fr/manifestation/atletico-madrid-celtic-fc-billet/idmanif/563832,"
      7 novembre 2023
    ","
      7 novembre 2023
    ",,https://www.ticketmaster.fr/fr/salle/civitas-metropolitano-madrid/idsite/17987,CIVITAS METROPOLITANO MADRID,MADRID,SPORT - FOOTBALL,"
          ATLETICO MADRID
        ",
"
      REAL MADRID / SC BRAGA
    ",https://www.ticketmaster.fr/fr/manifestation/real-madrid-sc-braga-billet/idmanif/563830,"
      8 novembre 2023
    ","
      8 novembre 2023
    ",,https://www.ticketmaster.fr/fr/salle/stade-santiago-bernabeu-madrid/idsite/13710,STADE SANTIAGO BERNABEU - MADRID,MADRID,SPORT - FOOTBALL,"
          REAL MADRID CF
        ","
      à partir de
      137.50 €"
"
      ROMAN FRAYSSINET
    ",https://www.ticketmaster.fr/fr/manifestation/roman-frayssinet-billet/idmanif/541294,"
      10 novembre 2023
    ","
      10 novembre 2023
    ",,https://www.ticketmaster.fr/fr/salle/chapito-casino-2000/idsite/5498,CHAPITO - CASINO 2000,MONDORF LES BAINS,HUMOUR ET ONE (WO)MAN SHOW - HUMOUR,"
          ROMAN FRAYSSINET
        ",
"
      MARTIN SOLVEIG
    ",https://www.ticketmaster.fr/fr/manifestation/martin-solveig-billet/idmanif/565721,"
      10 novembre 2023
    ","
      10 novembre 2023
    ",,https://www.ticketmaster.fr/fr/salle/rockhal-club-luxembourg/idsite/6566,ROCKHAL CLUB - LUXEMBOURG,ESCH/ALZETTE,CONCERT - MUSIQUE ELECTRONIQUE,"
          MARTIN SOLVEIG
        ","
      à partir de
      50.00 €"
"
      FC BARCELONE / D.ALAVES
    ",https://www.ticketmaster.fr/fr/manifestation/fc-barcelone-dalaves-billet/idmanif/560677,"
      11 novembre 2023
    ","
      11 novembre 2023
    ",,https://www.ticketmaster.fr/fr/salle/stade-olympique-lluis-companys/idsite/20447,STADE OLYMPIQUE LLUIS COMPANYS,BARCELONE,SPORT - FOOTBALL,"
          FC BARCELONE
        ","
      à partir de
      66.00 €"
"
      OBISPO
    ",https://www.ticketmaster.fr/fr/manifestation/obispo-billet/idmanif/541755,"
      11 novembre 2023
    ","
      11 novembre 2023
    ",,https://www.ticketmaster.fr/fr/salle/forest-national/idsite/3318,FOREST NATIONAL,BRUXELLES,CONCERT - VARIETE ET CHANSON FRANCAISE,"
          PASCAL OBISPO
        ","
      à partir de
      49.00 €"
"
      REAL MADRID / VALENCIA
    ",https://www.ticketmaster.fr/fr/manifestation/real-madrid-valencia-billet/idmanif/560212,"
      11 novembre 2023
    ","
      11 novembre 2023
    ",,https://www.ticketmaster.fr/fr/salle/stade-santiago-bernabeu-madrid/idsite/13710,STADE SANTIAGO BERNABEU - MADRID,MADRID,SPORT - FOOTBALL,"
          REAL MADRID CF
        ",
"
      DEATH ANGEL & SACRED REICH
    ",https://www.ticketmaster.fr/fr/manifestation/death-angel-sacred-reich-billet/idmanif/557734,"
      12 novembre 2023
    ","
      12 novembre 2023
    ",,https://www.ticketmaster.fr/fr/salle/garage/idsite/3879,GARAGE,SARREBRUCK/SARRE,CONCERT - HARD METAL,"
          DEATH ANGEL
        ","
      à partir de
      35.20 €"
"
      LIL TJAY
    ",https://www.ticketmaster.fr/fr/manifestation/lil-tjay-billet/idmanif/563506,"
      12 novembre 2023
    ","
      12 novembre 2023
    ",,https://www.ticketmaster.fr/fr/salle/rockhal-main-hall/idsite/6566,ROCKHAL - MAIN HALL,ESCH/ALZETTE,CONCERT - RAP HIP-HOP SLAM,"
          LIL TJAY
        ","
      à partir de
      46.50 €"
"
      ATLETICO MADRID / VILLARREAL
    ",https://www.ticketmaster.fr/fr/manifestation/atletico-madrid-villarreal-billet/idmanif/560773,"
      12 novembre 2023
    ","
      12 novembre 2023
    ",,https://www.ticketmaster.fr/fr/salle/civitas-metropolitano-madrid/idsite/17987,CIVITAS METROPOLITANO MADRID,MADRID,SPORT - FOOTBALL,"
          ATLETICO MADRID
        ","
      à partir de
      93.50 €"
"
      BOBBEJAANLAND
    ",https://www.ticketmaster.fr/fr/manifestation/bobbejaanland-billet/idmanif/550181,"
    Du
    
      1 avril 2023
    
    au
    
      12 novembre 2023
    ","
      1 avril 2023
    ","
      12 novembre 2023
    ",https://www.ticketmaster.fr/fr/salle/bobbejaanland-parc/idsite/1614,BOBBEJAANLAND PARC,LICHTAART,PARC - PARC DE LOISIRS,"
          BOBBEJAANLAND
        ","
      à partir de
      24.90 €"
"
      DOMAINE DES GROTTES DE HAN
    ",https://www.ticketmaster.fr/fr/manifestation/domaine-des-grottes-de-han-billet/idmanif/545954,"
    Du
    
      18 février 2023
    
    au
    
      12 novembre 2023
    ","
      18 février 2023
    ","
      12 novembre 2023
    ",https://www.ticketmaster.fr/fr/salle/domaine-des-grottes-de-han/idsite/3535,DOMAINE DES GROTTES DE HAN,HAN SUR LESSE/BELGIQUE,PARC - PARC ANIMALIER,"
          DOMAINE DES GROTTES DE HAN
        ","
      à partir de
      27.50 €"
"
      TOMMY CASTRO & THE PAINKILLERS
    ",https://www.ticketmaster.fr/fr/manifestation/tommy-castro-the-painkillers-billet/idmanif/562278,"
      14 novembre 2023
    ","
      14 novembre 2023
    ",,https://www.ticketmaster.fr/fr/salle/rockhal-the-floor/idsite/6566,ROCKHAL - THE FLOOR,ESCH S/ALZETTE,CONCERT - BLUES COUNTRY,"
          TOMMY CASTRO & THE PAINKILLERS
        ","
      à partir de
      26.00 €"
"
      FARY
    ",https://www.ticketmaster.fr/fr/manifestation/fary-billet/idmanif/558090,"
      10 décembre 2023
    ","
      10 décembre 2023
    ",,https://www.ticketmaster.fr/fr/salle/chapito-casino-2000/idsite/5498,CHAPITO - CASINO 2000,MONDORF LES BAINS,HUMOUR ET ONE (WO)MAN SHOW - ONE (WO)MAN SHOW,"
          FARY
        ","
      à partir de
      49.00 €"
"
      LOUIS BERTIGNAC
    ",https://www.ticketmaster.fr/fr/manifestation/louis-bertignac-billet/idmanif/550531,"
      15 novembre 2023
    ","
      15 novembre 2023
    ",,https://www.ticketmaster.fr/fr/salle/den-atelier/idsite/1898,DEN ATELIER,LUXEMBOURG,CONCERT - POP ROCK FOLK,"
          LOUIS BERTIGNAC
        ","
      à partir de
      50.00 €"
"
      DANKO JONES
    ",https://www.ticketmaster.fr/fr/manifestation/danko-jones-billet/idmanif/561045,"
      17 novembre 2023
    ","
      17 novembre 2023
    ",,https://www.ticketmaster.fr/fr/salle/den-atelier/idsite/1898,DEN ATELIER,LUXEMBOURG,CONCERT - POP ROCK FOLK,"
          DANKO JONES
        ","
      à partir de
      30.20 €"
"
      CHRISTOPHE MAE
    ",https://www.ticketmaster.fr/fr/manifestation/christophe-mae-billet/idmanif/541436,"
      17 novembre 2023
    ","
      17 novembre 2023
    ",,https://www.ticketmaster.fr/fr/salle/forest-national/idsite/3318,FOREST NATIONAL,BRUXELLES,CONCERT - VARIETE ET CHANSON FRANCAISE,"
          CHRISTOPHE MAE
        ","
      à partir de
      35.00 €"
"
      JAZZ & CINEMA
    ",https://www.ticketmaster.fr/fr/manifestation/jazz-cinema-billet/idmanif/566242,"
      17 novembre 2023
    ","
      17 novembre 2023
    ",,https://www.ticketmaster.fr/fr/salle/opera-garnier-de-monte-carlo/idsite/8603,OPERA GARNIER DE MONTE CARLO,MONTE CARLO,CONCERT - JAZZ,"
          JAZZ & CINEMA
        ","
      à partir de
      13.50 €"
"
      ARCHIVE
    ",https://www.ticketmaster.fr/fr/manifestation/archive-billet/idmanif/536253,"
      17 novembre 2023
    ","
      17 novembre 2023
    ",,https://www.ticketmaster.fr/fr/salle/rockhal-club-luxembourg/idsite/6566,ROCKHAL CLUB - LUXEMBOURG,ESCH/ALZETTE,CONCERT - POP ROCK FOLK,"
          ARCHIVE
        ",
"
      THE DARKNESS
    ",https://www.ticketmaster.fr/fr/manifestation/the-darkness-billet/idmanif/550013,"
    Du
    
      18 novembre 2023
    
    au
    
      30 novembre 2023
    ","
      18 novembre 2023
    ","
      30 novembre 2023
    ",https://www.ticketmaster.fr/fr/salle/den-atelier/idsite/1898,DEN ATELIER,LUXEMBOURG,CONCERT - POP ROCK FOLK,"
          THE DARKNESS
        ",
"
      RON CARTER FOURSIGHT QUARTET
    ",https://www.ticketmaster.fr/fr/manifestation/ron-carter-foursight-quartet-billet/idmanif/566249,"
      18 novembre 2023
    ","
      18 novembre 2023
    ",,https://www.ticketmaster.fr/fr/salle/opera-garnier-de-monte-carlo/idsite/8603,OPERA GARNIER DE MONTE CARLO,MONTE CARLO,CONCERT - JAZZ,"
          MARCUS MILLER
        ","
      à partir de
      73.50 €"
"
      RAYE
    ",https://www.ticketmaster.fr/fr/manifestation/raye-billet/idmanif/547258,"
      20 novembre 2023
    ","
      20 novembre 2023
    ",,https://www.ticketmaster.fr/fr/salle/rockhal-club-luxembourg/idsite/6566,ROCKHAL CLUB - LUXEMBOURG,ESCH/ALZETTE,CONCERT - POP ROCK FOLK,"
          RAYE
        ","
      à partir de
      33.20 €"
"
      ZAHO DE SAGAZAN
    ",https://www.ticketmaster.fr/fr/manifestation/zaho-de-sagazan-billet/idmanif/551547,"
      21 novembre 2023
    ","
      21 novembre 2023
    ",,https://www.ticketmaster.fr/fr/salle/rockhal-club-luxembourg/idsite/6566,ROCKHAL CLUB - LUXEMBOURG,ESCH/ALZETTE,CONCERT - POP ROCK FOLK,"
          ZAHO DE SAGAZAN
        ","
      à partir de
      27.00 €"
"
      DAVE STEWART
    ",https://www.ticketmaster.fr/fr/manifestation/dave-stewart-billet/idmanif/566321,"
      21 novembre 2023
    ","
      21 novembre 2023
    ",,https://www.ticketmaster.fr/fr/salle/den-atelier/idsite/1898,DEN ATELIER,LUXEMBOURG,CONCERT - POP ROCK FOLK,"
          DAVE STEWART
        ","
      à partir de
      57.00 €"
"
      BILLY COBHAM SPECTRUM 50 PROJECT
    ",https://www.ticketmaster.fr/fr/manifestation/billy-cobham-spectrum-50-project-billet/idmanif/566239,"
      22 novembre 2023
    ","
      22 novembre 2023
    ",,https://www.ticketmaster.fr/fr/salle/opera-garnier-de-monte-carlo/idsite/8603,OPERA GARNIER DE MONTE CARLO,MONTE CARLO,CONCERT - JAZZ,"
          BILLY COBHAM
        ","
      à partir de
      63.50 €"
"
      JAN GARBAREK GROUP
    ",https://www.ticketmaster.fr/fr/manifestation/jan-garbarek-group-billet/idmanif/566241,"
      23 novembre 2023
    ","
      23 novembre 2023
    ",,https://www.ticketmaster.fr/fr/salle/opera-garnier-de-monte-carlo/idsite/8603,OPERA GARNIER DE MONTE CARLO,MONTE CARLO,CONCERT - JAZZ,"
          JAN GARBAREK
        ","
      à partir de
      63.50 €"
"
      KAREEN GUIOCK-THURAM
    ",https://www.ticketmaster.fr/fr/manifestation/kareen-guiock-thuram-billet/idmanif/566245,"
      24 novembre 2023
    ","
      24 novembre 2023
    ",,https://www.ticketmaster.fr/fr/salle/opera-garnier-de-monte-carlo/idsite/8603,OPERA GARNIER DE MONTE CARLO,MONTE CARLO,CONCERT - JAZZ,"
          PIANOFORTE
        ","
      à partir de
      63.50 €"
"
      CHASE & STATUS (DJ SET)
    ",https://www.ticketmaster.fr/fr/manifestation/chase-status-dj-set-billet/idmanif/561037,"
      24 novembre 2023
    ","
      24 novembre 2023
    ",,https://www.ticketmaster.fr/fr/salle/den-atelier/idsite/1898,DEN ATELIER,LUXEMBOURG,CONCERT - MUSIQUE ELECTRONIQUE,"
          CHASE & STATUS
        ","
      à partir de
      32.20 €"
"
      ATLETICO MADRID / MALLORCA
    ",https://www.ticketmaster.fr/fr/manifestation/atletico-madrid-mallorca-billet/idmanif/560775,"
      25 novembre 2023
    ","
      25 novembre 2023
    ",,https://www.ticketmaster.fr/fr/salle/civitas-metropolitano-madrid/idsite/17987,CIVITAS METROPOLITANO MADRID,MADRID,SPORT - FOOTBALL,"
          ATLETICO MADRID
        ","
      à partir de
      71.50 €"
"
      MACY GRAY
    ",https://www.ticketmaster.fr/fr/manifestation/macy-gray-billet/idmanif/566248,"
      25 novembre 2023
    ","
      25 novembre 2023
    ",,https://www.ticketmaster.fr/fr/salle/opera-garnier-de-monte-carlo/idsite/8603,OPERA GARNIER DE MONTE CARLO,MONTE CARLO,CONCERT - JAZZ,"
          MACY GRAY
        ","
      à partir de
      93.50 €"
"
      SDM
    ",https://www.ticketmaster.fr/fr/manifestation/sdm-billet/idmanif/553177,"
      25 novembre 2023
    ","
      25 novembre 2023
    ",,https://www.ticketmaster.fr/fr/salle/rockhal-club-luxembourg/idsite/6566,ROCKHAL CLUB - LUXEMBOURG,ESCH/ALZETTE,CONCERT - RAP HIP-HOP SLAM,"
          SDM
        ",
"
      AHMED SYLLA
    ",https://www.ticketmaster.fr/fr/manifestation/ahmed-sylla-billet/idmanif/551270,"
      1 février 2024
    ","
      1 février 2024
    ",,https://www.ticketmaster.fr/fr/salle/chapito-casino-2000/idsite/5498,CHAPITO - CASINO 2000,MONDORF LES BAINS,HUMOUR ET ONE (WO)MAN SHOW - ONE (WO)MAN SHOW,"
          AHMED SYLLA
        ","
      à partir de
      50.00 €"
"
      LE SON D'ALEX, ALEX JAFFRAY
    ",https://www.ticketmaster.fr/fr/manifestation/le-son-d-alex-alex-jaffray-billet/idmanif/566247,"
      26 novembre 2023
    ","
      26 novembre 2023
    ",,https://www.ticketmaster.fr/fr/salle/opera-garnier-de-monte-carlo/idsite/8603,OPERA GARNIER DE MONTE CARLO,MONTE CARLO,CONCERT - JAZZ,"
          ALEX JAFFRAY
        ","
      à partir de
      43.50 €"
"
      ALAIN CHAMFORT
    ",https://www.ticketmaster.fr/fr/manifestation/alain-chamfort-billet/idmanif/566487,"
      30 novembre 2023
    ","
      30 novembre 2023
    ",,https://www.ticketmaster.fr/fr/salle/eglise-saint-jacques-de-tournai/idsite/20532,EGLISE SAINT-JACQUES DE TOURNAI,TOURNAI,CONCERT - VARIETE ET CHANSON FRANCAISE,"
          ALAIN CHAMFORT
        ","
      à partir de
      20.00 €"
"
      THE PRODIGY
    ",https://www.ticketmaster.fr/fr/manifestation/the-prodigy-billet/idmanif/561148,"
      28 novembre 2023
    ","
      28 novembre 2023
    ",,https://www.ticketmaster.fr/fr/salle/rockhal-main-hall/idsite/6566,ROCKHAL - MAIN HALL,ESCH/ALZETTE,CONCERT - MUSIQUE ELECTRONIQUE,"
          THE PRODIGY
        ","
      à partir de
      57.00 €"
"
      FC BARCELONE / FC PORTO
    ",https://www.ticketmaster.fr/fr/manifestation/fc-barcelone-fc-porto-billet/idmanif/563801,"
      28 novembre 2023
    ","
      28 novembre 2023
    ",,https://www.ticketmaster.fr/fr/salle/stade-olympique-lluis-companys/idsite/20447,STADE OLYMPIQUE LLUIS COMPANYS,BARCELONE,SPORT - FOOTBALL,"
          FC BARCELONE
        ","
      à partir de
      71.50 €"
"
      MADAGASCAR
    ",https://www.ticketmaster.fr/fr/manifestation/madagascar-billet/idmanif/547536,"
    Du
    
      1 décembre 2023
    
    au
    
      3 décembre 2023
    ","
      1 décembre 2023
    ","
      3 décembre 2023
    ",https://www.ticketmaster.fr/fr/salle/salle-des-princes-grimaldi-forum/idsite/2956,SALLE DES PRINCES - GRIMALDI FORUM,MONACO,SPECTACLE ET COMEDIE MUSICALE - COMEDIE MUSICALE,"
          MADAGASCAR
        ","
      à partir de
      33.20 €"
"
      FEAR FACTORY
    ",https://www.ticketmaster.fr/fr/manifestation/fear-factory-billet/idmanif/554606,"
      29 novembre 2023
    ","
      29 novembre 2023
    ",,https://www.ticketmaster.fr/fr/salle/rockhal-club-luxembourg/idsite/6566,ROCKHAL CLUB - LUXEMBOURG,ESCH/ALZETTE,CONCERT - HARD METAL,"
          FEAR FACTORY
        ","
      à partir de
      33.20 €"
"
      GAROU
    ",https://www.ticketmaster.fr/fr/manifestation/garou-billet/idmanif/536662,"
      29 novembre 2023
    ","
      29 novembre 2023
    ",,https://www.ticketmaster.fr/fr/salle/chapito-casino-2000/idsite/5498,CHAPITO - CASINO 2000,MONDORF LES BAINS,CONCERT - VARIETE ET CHANSON FRANCAISE,"
          GAROU
        ","
      à partir de
      59.00 €"
"
      JEANNE ADDED
    ",https://www.ticketmaster.fr/fr/manifestation/jeanne-added-billet/idmanif/566244,"
      29 novembre 2023
    ","
      29 novembre 2023
    ",,https://www.ticketmaster.fr/fr/salle/opera-garnier-de-monte-carlo/idsite/8603,OPERA GARNIER DE MONTE CARLO,MONTE CARLO,CONCERT - JAZZ,"
          JEANNE ADDED
        ","
      à partir de
      63.50 €"
"
      REAL MADRID / SSC NAPOLI
    ",https://www.ticketmaster.fr/fr/manifestation/real-madrid-ssc-napoli-billet/idmanif/563831,"
      29 novembre 2023
    ","
      29 novembre 2023
    ",,https://www.ticketmaster.fr/fr/salle/stade-santiago-bernabeu-madrid/idsite/13710,STADE SANTIAGO BERNABEU - MADRID,MADRID,SPORT - FOOTBALL,"
          REAL MADRID CF
        ",
"
      KO KO MO
    ",https://www.ticketmaster.fr/fr/manifestation/ko-ko-mo-billet/idmanif/561596,"
      1 décembre 2023
    ","
      1 décembre 2023
    ",,https://www.ticketmaster.fr/fr/salle/espace-leo-ferre/idsite/6096,ESPACE LEO FERRE,MONACO,CONCERT - POP ROCK FOLK,"
          KO KO MO
        ","
      à partir de
      22.00 €"
"
      IBRAHIM MAALOUF
    ",https://www.ticketmaster.fr/fr/manifestation/ibrahim-maalouf-billet/idmanif/566240,"
      2 décembre 2023
    ","
      2 décembre 2023
    ",,https://www.ticketmaster.fr/fr/salle/opera-garnier-de-monte-carlo/idsite/8603,OPERA GARNIER DE MONTE CARLO,MONTE CARLO,CONCERT - JAZZ,"
          IBRAHIM MAALOUF
        ","
      à partir de
      93.50 €"
"
      FATOUMATA DIAWARA
    ",https://www.ticketmaster.fr/fr/manifestation/fatoumata-diawara-billet/idmanif/548877,"
      30 novembre 2023
    ","
      30 novembre 2023
    ",,https://www.ticketmaster.fr/fr/salle/den-atelier/idsite/1898,DEN ATELIER,LUXEMBOURG,CONCERT - POP ROCK FOLK,"
          FATOUMATA DIAWARA
        ","
      à partir de
      43.00 €"
"
      KEZIAH JONES
    ",https://www.ticketmaster.fr/fr/manifestation/keziah-jones-billet/idmanif/566246,"
      30 novembre 2023
    ","
      30 novembre 2023
    ",,https://www.ticketmaster.fr/fr/salle/opera-garnier-de-monte-carlo/idsite/8603,OPERA GARNIER DE MONTE CARLO,MONTE CARLO,CONCERT - JAZZ,"
          KEZIAH JONES
        ","
      à partir de
      63.50 €"
"
      SOFT MACHINE
    ",https://www.ticketmaster.fr/fr/manifestation/soft-machine-billet/idmanif/554664,"
      30 novembre 2023
    ","
      30 novembre 2023
    ",,https://www.ticketmaster.fr/fr/salle/rockhal-the-floor/idsite/6566,ROCKHAL - THE FLOOR,ESCH S/ALZETTE,CONCERT - POP ROCK FOLK,"
          SOFT MACHINE
        ","
      à partir de
      34.20 €"
"
      KYO
    ",https://www.ticketmaster.fr/fr/manifestation/kyo-billet/idmanif/541688,"
      1 décembre 2023
    ","
      1 décembre 2023
    ",,https://www.ticketmaster.fr/fr/salle/forest-national/idsite/3318,FOREST NATIONAL,BRUXELLES,CONCERT - VARIETE INTERNATIONALE,"
          KYO
        ","
      à partir de
      44.00 €"
"
      FC BARCELONE / ATLETICO MADRID
    ",https://www.ticketmaster.fr/fr/manifestation/fc-barcelone-atletico-madrid-billet/idmanif/560686,"
      2 décembre 2023
    ","
      2 décembre 2023
    ",,https://www.ticketmaster.fr/fr/salle/stade-olympique-lluis-companys/idsite/20447,STADE OLYMPIQUE LLUIS COMPANYS,BARCELONE,SPORT - FOOTBALL,"
          FC BARCELONE
        ",
"
      REAL MADRID / GRANADA
    ",https://www.ticketmaster.fr/fr/manifestation/real-madrid-granada-billet/idmanif/560215,"
      2 décembre 2023
    ","
      2 décembre 2023
    ",,https://www.ticketmaster.fr/fr/salle/stade-santiago-bernabeu-madrid/idsite/13710,STADE SANTIAGO BERNABEU - MADRID,MADRID,SPORT - FOOTBALL,"
          REAL MADRID CF
        ","
      à partir de
      115.50 €"
"
      THE AMITY AFFLICTION
    ",https://www.ticketmaster.fr/fr/manifestation/the-amity-affliction-billet/idmanif/562401,"
      2 décembre 2023
    ","
      2 décembre 2023
    ",,https://www.ticketmaster.fr/fr/salle/garage/idsite/3879,GARAGE,SARREBRUCK/SARRE,CONCERT - HARD METAL,"
          THE AMITY AFFLICTION
        ","
      à partir de
      38.70 €"
"
      FRENCH 79
    ",https://www.ticketmaster.fr/fr/manifestation/french-79-billet/idmanif/550162,"
      2 décembre 2023
    ","
      2 décembre 2023
    ",,https://www.ticketmaster.fr/fr/salle/rockhal-club-luxembourg/idsite/6566,ROCKHAL CLUB - LUXEMBOURG,ESCH/ALZETTE,CONCERT - POP ROCK FOLK,"
          FRENCH 79
        ","
      à partir de
      32.20 €"
"
      JAIN
    ",https://www.ticketmaster.fr/fr/manifestation/jain-billet/idmanif/562359,"
      12 décembre 2023
    ","
      12 décembre 2023
    ",,https://www.ticketmaster.fr/fr/salle/rockhal-club-luxembourg/idsite/6566,ROCKHAL CLUB - LUXEMBOURG,ESCH/ALZETTE,CONCERT - POP ROCK FOLK,"
          JAIN
        ","
      à partir de
      44.50 €"
"
      LOIC NOTTET
    ",https://www.ticketmaster.fr/fr/manifestation/loic-nottet-billet/idmanif/553770,"
      3 décembre 2023
    ","
      3 décembre 2023
    ",,https://www.ticketmaster.fr/fr/salle/rockhal-club-luxembourg/idsite/6566,ROCKHAL CLUB - LUXEMBOURG,ESCH/ALZETTE,CONCERT - POP ROCK FOLK,"
          LOIC NOTTET
        ","
      à partir de
      43.50 €"
"
      GIRLS IN HAWAII
    ",https://www.ticketmaster.fr/fr/manifestation/girls-in-hawaii-billet/idmanif/553179,"
      5 décembre 2023
    ","
      5 décembre 2023
    ",,https://www.ticketmaster.fr/fr/salle/rockhal-club-luxembourg/idsite/6566,ROCKHAL CLUB - LUXEMBOURG,ESCH/ALZETTE,CONCERT - POP ROCK FOLK,"
          GIRLS IN HAWAII
        ","
      à partir de
      33.20 €"
"
      HALESTORM
    ",https://www.ticketmaster.fr/fr/manifestation/halestorm-billet/idmanif/561163,"
      6 décembre 2023
    ","
      6 décembre 2023
    ",,https://www.ticketmaster.fr/fr/salle/den-atelier/idsite/1898,DEN ATELIER,LUXEMBOURG,CONCERT - POP ROCK FOLK,"
          HALESTORM
        ",
"
      BABYMETAL
    ",https://www.ticketmaster.fr/fr/manifestation/babymetal-billet/idmanif/561158,"
      7 décembre 2023
    ","
      7 décembre 2023
    ",,https://www.ticketmaster.fr/fr/salle/rockhal-main-hall/idsite/6566,ROCKHAL - MAIN HALL,ESCH/ALZETTE,CONCERT - POP ROCK FOLK,"
          BABYMETAL
        ","
      à partir de
      46.50 €"
"
      GOLDMANMANIA
    ",https://www.ticketmaster.fr/fr/manifestation/goldmanmania-billet/idmanif/547082,"
      8 décembre 2023
    ","
      8 décembre 2023
    ",,https://www.ticketmaster.fr/fr/salle/rockhal-club-luxembourg/idsite/6566,ROCKHAL CLUB - LUXEMBOURG,ESCH/ALZETTE,CONCERT - VARIETE ET CHANSON FRANCAISE,"
          GOLDMANMANIA
        ","
      à partir de
      39.00 €"
"
      FC BARCELONE / GIRONA
    ",https://www.ticketmaster.fr/fr/manifestation/fc-barcelone-girona-billet/idmanif/560689,"
      9 décembre 2023
    ","
      9 décembre 2023
    ",,https://www.ticketmaster.fr/fr/salle/stade-olympique-lluis-companys/idsite/20447,STADE OLYMPIQUE LLUIS COMPANYS,BARCELONE,SPORT - FOOTBALL,"
          FC BARCELONE
        ","
      à partir de
      82.50 €"
"
      ATLETICO MADRID / ALMERIA
    ",https://www.ticketmaster.fr/fr/manifestation/atletico-madrid-almeria-billet/idmanif/560778,"
      9 décembre 2023
    ","
      9 décembre 2023
    ",,https://www.ticketmaster.fr/fr/salle/civitas-metropolitano-madrid/idsite/17987,CIVITAS METROPOLITANO MADRID,MADRID,SPORT - FOOTBALL,"
          ATLETICO MADRID
        ","
      à partir de
      71.50 €"
"
      MANDO DIAO
    ",https://www.ticketmaster.fr/fr/manifestation/mando-diao-billet/idmanif/561164,"
    Du
    
      6 décembre 2023
    
    au
    
      10 décembre 2023
    ","
      6 décembre 2023
    ","
      10 décembre 2023
    ",https://www.ticketmaster.fr/fr/salle/den-atelier/idsite/1898,DEN ATELIER,LUXEMBOURG,CONCERT - HARD METAL,"
          MANDO DIAO
        ",
"
      CARDINAL BLACK
    ",https://www.ticketmaster.fr/fr/manifestation/cardinal-black-billet/idmanif/562276,"
      10 décembre 2023
    ","
      10 décembre 2023
    ",,https://www.ticketmaster.fr/fr/salle/rockhal-the-floor/idsite/6566,ROCKHAL - THE FLOOR,ESCH S/ALZETTE,CONCERT - BLUES COUNTRY,"
          CARDINAL BLACK
        ","
      à partir de
      29.20 €"
"
      PAIRI DAIZA
    ",https://www.ticketmaster.fr/fr/manifestation/pairi-daiza-billet/idmanif/547205,"
    Du
    
      18 février 2023
    
    au
    
      7 janvier 2024
    ","
      18 février 2023
    ","
      7 janvier 2024
    ",https://www.ticketmaster.fr/fr/salle/pairi-daiza/idsite/2817,PAIRI DAIZA,BRUGELETTE,PARC - PARC ANIMALIER,"
          PAIRI DAIZA
        ","
      à partir de
      36.00 €"
"
      THE RABEATS
    ",https://www.ticketmaster.fr/fr/manifestation/the-rabeats-billet/idmanif/566665,"
    Du
    
      11 décembre 2023
    
    au
    
      12 décembre 2023
    ","
      11 décembre 2023
    ","
      12 décembre 2023
    ",https://www.ticketmaster.fr/fr/salle/the-cavern-club-liverpool/idsite/19101,THE CAVERN CLUB LIVERPOOL,ROYAUME-UNI,CONCERT - POP ROCK FOLK,"
          THE RABEATS
        ","
      à partir de
      30.00 €"
"
      REAL MADRID / VILLARREAL
    ",https://www.ticketmaster.fr/fr/manifestation/real-madrid-villarreal-billet/idmanif/560216,"
      16 décembre 2023
    ","
      16 décembre 2023
    ",,https://www.ticketmaster.fr/fr/salle/stade-santiago-bernabeu-madrid/idsite/13710,STADE SANTIAGO BERNABEU - MADRID,MADRID,SPORT - FOOTBALL,"
          REAL MADRID CF
        ","
      à partir de
      137.50 €"
"
      MATMATAH
    ",https://www.ticketmaster.fr/fr/manifestation/matmatah-billet/idmanif/537790,"
      14 décembre 2023
    ","
      14 décembre 2023
    ",,https://www.ticketmaster.fr/fr/salle/den-atelier/idsite/1898,DEN ATELIER,LUXEMBOURG,CONCERT - POP ROCK FOLK,"
          MATMATAH
        ",
"
      THE BABOON SHOW
    ",https://www.ticketmaster.fr/fr/manifestation/the-baboon-show-billet/idmanif/562399,"
      15 décembre 2023
    ","
      15 décembre 2023
    ",,https://www.ticketmaster.fr/fr/salle/garage/idsite/3879,GARAGE,SARREBRUCK/SARRE,CONCERT - HARD METAL,"
          THE BABOON SHOW
        ","
      à partir de
      32.20 €"
"
      FAVE
    ",https://www.ticketmaster.fr/fr/manifestation/fave-billet/idmanif/548805,"
      15 décembre 2023
    ","
      15 décembre 2023
    ",,https://www.ticketmaster.fr/fr/salle/rockhal-club-luxembourg/idsite/6566,ROCKHAL CLUB - LUXEMBOURG,ESCH/ALZETTE,CONCERT - RAP HIP-HOP SLAM,"
          FAVE
        ","
      à partir de
      29.20 €"
"
      LA ZARRA
    ",https://www.ticketmaster.fr/fr/manifestation/la-zarra-billet/idmanif/549178,"
      16 décembre 2023
    ","
      16 décembre 2023
    ",,https://www.ticketmaster.fr/fr/salle/rockhal-club-luxembourg/idsite/6566,ROCKHAL CLUB - LUXEMBOURG,ESCH/ALZETTE,CONCERT - POP ROCK FOLK,"
          LA ZARRA
        ",
"
      WERENOI
    ",https://www.ticketmaster.fr/fr/manifestation/werenoi-billet/idmanif/549181,"
      17 décembre 2023
    ","
      17 décembre 2023
    ",,https://www.ticketmaster.fr/fr/salle/rockhal-club-luxembourg/idsite/6566,ROCKHAL CLUB - LUXEMBOURG,ESCH/ALZETTE,CONCERT - RAP HIP-HOP SLAM,"
          WERENOI
        ","
      à partir de
      32.20 €"
"
      ATLETICO MADRID / GETAFE
    ",https://www.ticketmaster.fr/fr/manifestation/atletico-madrid-getafe-billet/idmanif/560782,"
      19 décembre 2023
    ","
      19 décembre 2023
    ",,https://www.ticketmaster.fr/fr/salle/civitas-metropolitano-madrid/idsite/17987,CIVITAS METROPOLITANO MADRID,MADRID,SPORT - FOOTBALL,"
          ATLETICO MADRID
        ","
      à partir de
      71.50 €"
"
      FC BARCELONE / UD ALMERIA
    ",https://www.ticketmaster.fr/fr/manifestation/fc-barcelone-ud-almeria-billet/idmanif/560691,"
      19 décembre 2023
    ","
      19 décembre 2023
    ",,https://www.ticketmaster.fr/fr/salle/stade-olympique-lluis-companys/idsite/20447,STADE OLYMPIQUE LLUIS COMPANYS,BARCELONE,SPORT - FOOTBALL,"
          FC BARCELONE
        ","
      à partir de
      66.00 €"
"
      BELLEWAERDE - LES JOURS GIVRÉS
    ",https://www.ticketmaster.fr/fr/manifestation/bellewaerde-les-jours-givres-billet/idmanif/566898,"
    Du
    
      9 décembre 2023
    
    au
    
      7 janvier 2024
    ","
      9 décembre 2023
    ","
      7 janvier 2024
    ",https://www.ticketmaster.fr/fr/salle/bellewaerde-park/idsite/5306,BELLEWAERDE PARK,YPRES,PARC - PARC DE LOISIRS,"
          BELLEWAERDE
        ","
      à partir de
      25.50 €"
"
      LETZ ZEP & THE DOORS IN CONCERT
    ",https://www.ticketmaster.fr/fr/manifestation/letz-zep-the-doors-in-concert-billet/idmanif/539483,"
      21 décembre 2023
    ","
      21 décembre 2023
    ",,https://www.ticketmaster.fr/fr/salle/rockhal-club-luxembourg/idsite/6566,ROCKHAL CLUB - LUXEMBOURG,ESCH/ALZETTE,CONCERT - POP ROCK FOLK,"
          LETZ ZEP
        ","
      à partir de
      39.50 €"
"
      BELLEWAERDE AQUAPARK
    ",https://www.ticketmaster.fr/fr/manifestation/bellewaerde-aquapark-billet/idmanif/544893,"
    Du
    
      16 janvier 2023
    
    au
    
      31 décembre 2023
    ","
      16 janvier 2023
    ","
      31 décembre 2023
    ",https://www.ticketmaster.fr/fr/salle/bellewaerde-aquapark/idsite/5306,BELLEWAERDE AQUAPARK,YPRES,PARC - PARC AQUATIQUE,"
          BELLEWAERDE AQUAPARK
        ","
      à partir de
      9.00 €"
"
      EUROPA-PARK - HAUTE SAISON - 1 JOUR
    ",https://www.ticketmaster.fr/fr/manifestation/europa-park-haute-saison-1-jour-billet/idmanif/545247,"
    Du
    
      1 avril 2023
    
    au
    
      7 janvier 2024
    ","
      1 avril 2023
    ","
      7 janvier 2024
    ",https://www.ticketmaster.fr/fr/salle/europa-park/idsite/13345,EUROPA PARK,RUST,PARC - PARC DE LOISIRS,"
          EUROPA PARK
        ","
      à partir de
      56.00 €"
"
      LA TROUPE DE JAMEL
    ",https://www.ticketmaster.fr/fr/manifestation/la-troupe-de-jamel-billet/idmanif/567027,"
      1 février 2024
    ","
      1 février 2024
    ",,https://www.ticketmaster.fr/fr/salle/rockhal-main-hall/idsite/6566,ROCKHAL - MAIN HALL,ESCH/ALZETTE,HUMOUR ET ONE (WO)MAN SHOW - ONE (WO)MAN SHOW,"
          LA TROUPE DU JAMEL COMEDY CLUB
        ","
      à partir de
      40.00 €"
"
      VIRTUAL ROOM BRUXELLES-REALITE VIRTUELLE
    ",https://www.ticketmaster.fr/fr/manifestation/virtual-room-bruxelles-realite-virtuelle-billet/idmanif/568032,"
    Du
    
      31 décembre 2023
    
    au
    
      31 décembre 2025
    ","
      31 décembre 2023
    ","
      31 décembre 2025
    ",https://www.ticketmaster.fr/fr/salle/virtual-room-bruxelles/idsite/20570,VIRTUAL ROOM - BRUXELLES,BRUXELLES,LOISIRS ET TOURISME - GAMING,"
          VIRTUAL ROOM
        ","
      à partir de
      30.00 €"
"
      AQUARIUM DE BARCELONA
    ",https://www.ticketmaster.fr/fr/manifestation/aquarium-de-barcelona-billet/idmanif/555261,"
    Du
    
      1 juin 2023
    
    au
    
      31 décembre 2023
    ","
      1 juin 2023
    ","
      31 décembre 2023
    ",https://www.ticketmaster.fr/fr/salle/aquarium-de-barcelona/idsite/15078,AQUARIUM DE BARCELONA,BARCELONA,PARC - PARC ANIMALIER,"
          AQUARIUM DE BARCELONA
        ","
      à partir de
      18.00 €"
"
      FUNNY-WORLD
    ",https://www.ticketmaster.fr/fr/manifestation/funny-world-billet/idmanif/551152,"
    Du
    
      5 avril 2023
    
    au
    
      31 décembre 2023
    ","
      5 avril 2023
    ","
      31 décembre 2023
    ",https://www.ticketmaster.fr/fr/salle/parc-d-attractions-funny-world/idsite/14415,PARC D'ATTRACTIONS FUNNY-WORLD,KAPPEL-GRAFENHAUSEN,PARC - PARC DE LOISIRS,"
          FUNNY WORLD
        ","
      à partir de
      14.50 €"
"
      VOL EN MONTGOLFIERE - DIVERS LIEUX
    ",https://www.ticketmaster.fr/fr/manifestation/vol-en-montgolfiere-divers-lieux-billet/idmanif/547101,"
    Du
    
      1 janvier 2023
    
    au
    
      31 décembre 2023
    ","
      1 janvier 2023
    ","
      31 décembre 2023
    ",https://www.ticketmaster.fr/fr/salle/france-montgolfiere/idsite/3195,FRANCE MONTGOLFIERE,FRANCE,LOISIRS ET TOURISME - VISITE ET EXCURSION,"
          FRANCE MONTGOLFIERES
        ","
      à partir de
      165.00 €"
"
      VIRTUAL PARK - MISSION FAMILY & FRIENDS
    ",https://www.ticketmaster.fr/fr/manifestation/virtual-park-mission-family-friends-billet/idmanif/533937,"
    Du
    
      11 août 2022
    
    au
    
      31 décembre 2023
    ","
      11 août 2022
    ","
      31 décembre 2023
    ",https://www.ticketmaster.fr/fr/salle/virtual-park/idsite/20005,VIRTUAL PARK,MOUSCRON,PARC - PARC DE LOISIRS,"
          VIRTUAL PARK
        ","
      à partir de
      31.50 €"
"
      VIRTUAL PARK - MISSION SAVE THE WORLD
    ",https://www.ticketmaster.fr/fr/manifestation/virtual-park-mission-save-the-world-billet/idmanif/533889,"
    Du
    
      10 août 2022
    
    au
    
      31 décembre 2023
    ","
      10 août 2022
    ","
      31 décembre 2023
    ",https://www.ticketmaster.fr/fr/salle/virtual-park/idsite/20005,VIRTUAL PARK,MOUSCRON,PARC - PARC DE LOISIRS,"
          VIRTUAL PARK
        ","
      à partir de
      40.50 €"
"
      VIRTUAL PARK - DISCOVERY MISSION
    ",https://www.ticketmaster.fr/fr/manifestation/virtual-park-discovery-mission-billet/idmanif/533938,"
    Du
    
      11 août 2022
    
    au
    
      31 décembre 2023
    ","
      11 août 2022
    ","
      31 décembre 2023
    ",https://www.ticketmaster.fr/fr/salle/virtual-park/idsite/20005,VIRTUAL PARK,MOUSCRON,PARC - PARC DE LOISIRS,"
          VIRTUAL PARK
        ","
      à partir de
      22.50 €"
"
      REAL MADRID / MALLORCA
    ",https://www.ticketmaster.fr/fr/manifestation/real-madrid-mallorca-billet/idmanif/560219,"
      2 janvier 2024
    ","
      2 janvier 2024
    ",,https://www.ticketmaster.fr/fr/salle/stade-santiago-bernabeu-madrid/idsite/13710,STADE SANTIAGO BERNABEU - MADRID,MADRID,SPORT - FOOTBALL,"
          REAL MADRID CF
        ","
      à partir de
      165.00 €"
"
      EUROPA-PARK - BASSE SAISON - 1 JOUR
    ",https://www.ticketmaster.fr/fr/manifestation/europa-park-basse-saison-1-jour-billet/idmanif/545261,"
    Du
    
      25 mars 2023
    
    au
    
      7 janvier 2024
    ","
      25 mars 2023
    ","
      7 janvier 2024
    ",https://www.ticketmaster.fr/fr/salle/europa-park/idsite/13345,EUROPA PARK,RUST,PARC - PARC DE LOISIRS,"
          EUROPA PARK
        ","
      à partir de
      49.00 €"
"
      CASSE-NOISETTE - BALLET ET ORCHESTRE
    ",https://www.ticketmaster.fr/fr/manifestation/casse-noisette-ballet-et-orchestre-billet/idmanif/550248,"
      19 janvier 2024
    ","
      19 janvier 2024
    ",,https://www.ticketmaster.fr/fr/salle/rockhal-main-hall/idsite/6566,ROCKHAL - MAIN HALL,ESCH/ALZETTE,DANSE - DANSE CLASSIQUE,"
          CASSE-NOISETTE
        ","
      à partir de
      52.00 €"
"
      CHAPLIN'S WORLD - BILLET PERIODE NOEL CE
    ",https://www.ticketmaster.fr/fr/manifestation/chaplin-s-world-billet-periode-noel-ce-billet/idmanif/567889,"
    Du
    
      2 décembre 2023
    
    au
    
      7 janvier 2024
    ","
      2 décembre 2023
    ","
      7 janvier 2024
    ",https://www.ticketmaster.fr/fr/salle/chaplin-s-world/idsite/18059,CHAPLIN'S WORLD,CORSIER-SUR-VEVEY,EXPOSITION ET MUSEE - MUSEE,"
          CHAPLIN'S WORLD
        ",
"
      WALIBI BELGIUM - WINTER 2023
    ",https://www.ticketmaster.fr/fr/manifestation/walibi-belgium-winter-2023-billet/idmanif/566890,"
    Du
    
      16 décembre 2023
    
    au
    
      7 janvier 2024
    ","
      16 décembre 2023
    ","
      7 janvier 2024
    ",https://www.ticketmaster.fr/fr/salle/walibi-belgium/idsite/5307,WALIBI BELGIUM,WAVRE,PARC - PARC DE LOISIRS,"
          WALIBI BELGIUM
        ","
      à partir de
      35.50 €"
"
      WALIBI BELGIUM - LES JOURS GIVRÉS
    ",https://www.ticketmaster.fr/fr/manifestation/walibi-belgium-les-jours-givres-billet/idmanif/566892,"
    Du
    
      16 décembre 2023
    
    au
    
      7 janvier 2024
    ","
      16 décembre 2023
    ","
      7 janvier 2024
    ",https://www.ticketmaster.fr/fr/salle/walibi-belgium/idsite/5307,WALIBI BELGIUM,WAVRE,PARC - PARC DE LOISIRS,"
          WALIBI BELGIUM
        ","
      à partir de
      32.50 €"
"
      BELLEWAERDE - NOEL 2023
    ",https://www.ticketmaster.fr/fr/manifestation/bellewaerde-noel-2023-billet/idmanif/566896,"
    Du
    
      9 décembre 2023
    
    au
    
      7 janvier 2024
    ","
      9 décembre 2023
    ","
      7 janvier 2024
    ",https://www.ticketmaster.fr/fr/salle/bellewaerde-park/idsite/5306,BELLEWAERDE PARK,YPRES,PARC - PARC DE LOISIRS,"
          BELLEWAERDE
        ","
      à partir de
      32.00 €"
"
      PORTAVENTURA PARK + FERRARI LAND
    ",https://www.ticketmaster.fr/fr/manifestation/portaventura-park-ferrari-land-billet/idmanif/550935,"
    Du
    
      3 avril 2023
    
    au
    
      7 janvier 2024
    ","
      3 avril 2023
    ","
      7 janvier 2024
    ",https://www.ticketmaster.fr/fr/salle/portaventura-world/idsite/757,PORTAVENTURA WORLD,VILA-SECA,PARC - PARC DE LOISIRS,"
          PORTAVENTURA PARK
        ","
      à partir de
      67.00 €"
"
      PORTAVENTURA PARK
    ",https://www.ticketmaster.fr/fr/manifestation/portaventura-park-billet/idmanif/550057,"
    Du
    
      31 mars 2023
    
    au
    
      7 janvier 2024
    ","
      31 mars 2023
    ","
      7 janvier 2024
    ",https://www.ticketmaster.fr/fr/salle/portaventura-world/idsite/757,PORTAVENTURA WORLD,VILA-SECA,PARC - PARC DE LOISIRS,"
          PORTAVENTURA PARK
        ","
      à partir de
      57.00 €"
"
      EUROPA-PARK - HAUTE SAISON - 2 JOURS
    ",https://www.ticketmaster.fr/fr/manifestation/europa-park-haute-saison-2-jours-billet/idmanif/545253,"
    Du
    
      1 avril 2023
    
    au
    
      7 janvier 2024
    ","
      1 avril 2023
    ","
      7 janvier 2024
    ",https://www.ticketmaster.fr/fr/salle/europa-park/idsite/13345,EUROPA PARK,RUST,PARC - PARC DE LOISIRS,"
          EUROPA PARK
        ","
      à partir de
      102.00 €"
"
      EUROPA-PARK - BASSE SAISON - 2 JOURS
    ",https://www.ticketmaster.fr/fr/manifestation/europa-park-basse-saison-2-jours-billet/idmanif/545265,"
    Du
    
      25 mars 2023
    
    au
    
      7 janvier 2024
    ","
      25 mars 2023
    ","
      7 janvier 2024
    ",https://www.ticketmaster.fr/fr/salle/europa-park/idsite/13345,EUROPA PARK,RUST,PARC - PARC DE LOISIRS,"
          EUROPA PARK
        ","
      à partir de
      90.00 €"
"
      CHAPLIN'S WORLD
    ",https://www.ticketmaster.fr/fr/manifestation/chaplin-s-world-billet/idmanif/541389,"
    Du
    
      21 janvier 2023
    
    au
    
      8 janvier 2024
    ","
      21 janvier 2023
    ","
      8 janvier 2024
    ",https://www.ticketmaster.fr/fr/salle/chaplin-s-world/idsite/18059,CHAPLIN'S WORLD,CORSIER-SUR-VEVEY,EXPOSITION ET MUSEE - MUSEE,"
          CHAPLIN'S WORLD
        ","
      à partir de
      19.00 €"
"
      PLOPSAQUA - PROMOTION
    ",https://www.ticketmaster.fr/fr/manifestation/plopsaqua-promotion-billet/idmanif/567420,"
    Du
    
      30 octobre 2023
    
    au
    
      15 juillet 2024
    ","
      30 octobre 2023
    ","
      15 juillet 2024
    ",https://www.ticketmaster.fr/fr/salle/plopsaqua/idsite/16287,PLOPSAQUA,LA PANNE,PARC - PARC AQUATIQUE,"
          PLOPSAQUA LA PANNE
        ","
      à partir de
      19.25 €"
"
      MUSEE OCEANOGRAPHIQUE DE MONACO
    ",https://www.ticketmaster.fr/fr/manifestation/musee-oceanographique-de-monaco-billet/idmanif/543492,"
    Du
    
      1 janvier 2023
    
    au
    
      31 décembre 2024
    ","
      1 janvier 2023
    ","
      31 décembre 2024
    ",https://www.ticketmaster.fr/fr/salle/musee-oceanographique-aquarium/idsite/11306,MUSEE OCEANOGRAPHIQUE/AQUARIUM,MONACO,EXPOSITION ET MUSEE - MUSEE,"
          MUSEE OCEANOGRAPHIQUE DE MONACO
        ","
      à partir de
      12.00 €"
"
      ADOS VS PARENTS : MODE D'EMPLOI
    ",https://www.ticketmaster.fr/fr/manifestation/ados-vs-parents-mode-d-emploi-billet/idmanif/562459,"
      12 janvier 2024
    ","
      12 janvier 2024
    ",,https://www.ticketmaster.fr/fr/salle/centre-culturel-d-auderghem/idsite/20314,CENTRE CULTUREL D'AUDERGHEM,BRUXELLES,THEATRE - COMEDIE,"
          ADOS VS PARENTS MODE D'EMPLOI
        ","
      à partir de
      21.00 €"
"
      GIANT ROOKS
    ",https://www.ticketmaster.fr/fr/manifestation/giant-rooks-billet/idmanif/565716,"
      12 janvier 2024
    ","
      12 janvier 2024
    ",,https://www.ticketmaster.fr/fr/salle/rockhal-club-luxembourg/idsite/6566,ROCKHAL CLUB - LUXEMBOURG,ESCH/ALZETTE,CONCERT - POP ROCK FOLK,"
          GIANT ROOKS
        ","
      à partir de
      36.20 €"
"
      KLEK ENTÓS
    ",https://www.ticketmaster.fr/fr/manifestation/klek-ent-s-billet/idmanif/557193,"
      12 janvier 2024
    ","
      12 janvier 2024
    ",,https://www.ticketmaster.fr/fr/salle/salle-prince-pierre-grimaldi-forum/idsite/2956,SALLE PRINCE PIERRE - GRIMALDI FORUM,MONACO,HUMOUR ET ONE (WO)MAN SHOW - HUMOUR,"
          KLEK ENTOS
        ","
      à partir de
      41.50 €"
"
      LE CLAN DES DIVORCEES
    ",https://www.ticketmaster.fr/fr/manifestation/le-clan-des-divorcees-billet/idmanif/562523,"
      12 janvier 2024
    ","
      12 janvier 2024
    ",,https://www.ticketmaster.fr/fr/salle/centre-culturel-d-auderghem/idsite/20314,CENTRE CULTUREL D'AUDERGHEM,BRUXELLES,THEATRE - COMEDIE,"
          LE CLAN DES DIVORCEES
        ","
      à partir de
      37.20 €"
"
      ATLETICO MADRID / RAYO VALLECANO
    ",https://www.ticketmaster.fr/fr/manifestation/atletico-madrid-rayo-vallecano-billet/idmanif/560784,"
      13 janvier 2024
    ","
      13 janvier 2024
    ",,https://www.ticketmaster.fr/fr/salle/civitas-metropolitano-madrid/idsite/17987,CIVITAS METROPOLITANO MADRID,MADRID,SPORT - FOOTBALL,"
          ATLETICO MADRID
        ","
      à partir de
      71.50 €"
"
      FC BARCELONE / OSASUNA
    ",https://www.ticketmaster.fr/fr/manifestation/fc-barcelone-osasuna-billet/idmanif/560695,"
      13 janvier 2024
    ","
      13 janvier 2024
    ",,https://www.ticketmaster.fr/fr/salle/stade-olympique-lluis-companys/idsite/20447,STADE OLYMPIQUE LLUIS COMPANYS,BARCELONE,SPORT - FOOTBALL,"
          FC BARCELONE
        ","
      à partir de
      66.00 €"
"
      TESSERACT
    ",https://www.ticketmaster.fr/fr/manifestation/tesseract-billet/idmanif/560165,"
      18 janvier 2024
    ","
      18 janvier 2024
    ",,https://www.ticketmaster.fr/fr/salle/rockhal-club-luxembourg/idsite/6566,ROCKHAL CLUB - LUXEMBOURG,ESCH/ALZETTE,CONCERT - HARD METAL,"
          TESSERACT
        ","
      à partir de
      34.20 €"
"
      CHRISTOPHE MAE
    ",https://www.ticketmaster.fr/fr/manifestation/christophe-mae-billet/idmanif/552795,"
      19 janvier 2024
    ","
      19 janvier 2024
    ",,https://www.ticketmaster.fr/fr/salle/forest-national/idsite/3318,FOREST NATIONAL,BRUXELLES,CONCERT - VARIETE ET CHANSON FRANCAISE,"
          CHRISTOPHE MAE
        ","
      à partir de
      35.00 €"
"
      REAL MADRID / ALMERIA
    ",https://www.ticketmaster.fr/fr/manifestation/real-madrid-almeria-billet/idmanif/560221,"
      20 janvier 2024
    ","
      20 janvier 2024
    ",,https://www.ticketmaster.fr/fr/salle/stade-santiago-bernabeu-madrid/idsite/13710,STADE SANTIAGO BERNABEU - MADRID,MADRID,SPORT - FOOTBALL,"
          REAL MADRID CF
        ","
      à partir de
      137.50 €"
"
      REAL MADRID / GIRONA
    ",https://www.ticketmaster.fr/fr/manifestation/real-madrid-girona-billet/idmanif/560226,"
      10 février 2024
    ","
      10 février 2024
    ",,https://www.ticketmaster.fr/fr/salle/stade-santiago-bernabeu-madrid/idsite/13710,STADE SANTIAGO BERNABEU - MADRID,MADRID,SPORT - FOOTBALL,"
          REAL MADRID CF
        ","
      à partir de
      143.00 €"
"
      ATLETICO MADRID / VALENCIA
    ",https://www.ticketmaster.fr/fr/manifestation/atletico-madrid-valencia-billet/idmanif/560788,"
      27 janvier 2024
    ","
      27 janvier 2024
    ",,https://www.ticketmaster.fr/fr/salle/civitas-metropolitano-madrid/idsite/17987,CIVITAS METROPOLITANO MADRID,MADRID,SPORT - FOOTBALL,"
          ATLETICO MADRID
        ","
      à partir de
      93.50 €"
"
      FC BARCELONE / VILLARREAL
    ",https://www.ticketmaster.fr/fr/manifestation/fc-barcelone-villarreal-billet/idmanif/560697,"
      27 janvier 2024
    ","
      27 janvier 2024
    ",,https://www.ticketmaster.fr/fr/salle/stade-olympique-lluis-companys/idsite/20447,STADE OLYMPIQUE LLUIS COMPANYS,BARCELONE,SPORT - FOOTBALL,"
          FC BARCELONE
        ","
      à partir de
      82.50 €"
"
      PERIPHERY
    ",https://www.ticketmaster.fr/fr/manifestation/periphery-billet/idmanif/562225,"
      29 janvier 2024
    ","
      29 janvier 2024
    ",,https://www.ticketmaster.fr/fr/salle/rockhal-club-luxembourg/idsite/6566,ROCKHAL CLUB - LUXEMBOURG,ESCH/ALZETTE,CONCERT - HARD METAL,"
          PERIPHERY
        ","
      à partir de
      34.20 €"
"
      JAMES BLUNT
    ",https://www.ticketmaster.fr/fr/manifestation/james-blunt-billet/idmanif/562841,"
      25 février 2024
    ","
      25 février 2024
    ",,https://www.ticketmaster.fr/fr/salle/rockhal-main-hall/idsite/6566,ROCKHAL - MAIN HALL,ESCH/ALZETTE,CONCERT - POP ROCK FOLK,"
          JAMES BLUNT
        ","
      à partir de
      61.00 €"
"
      K'S CHOICE
    ",https://www.ticketmaster.fr/fr/manifestation/k-s-choice-billet/idmanif/567683,"
      31 janvier 2024
    ","
      31 janvier 2024
    ",,https://www.ticketmaster.fr/fr/salle/centre-culturel-dudelange-opderschmelz/idsite/9960,CENTRE CULTUREL DUDELANGE OPDERSCHMELZ,DUDELANGE,CONCERT - POP ROCK FOLK,"
          K'S CHOICE
        ","
      à partir de
      32.20 €"
"
      FLAVIEN BERGER
    ",https://www.ticketmaster.fr/fr/manifestation/flavien-berger-billet/idmanif/566942,"
      1 février 2024
    ","
      1 février 2024
    ",,https://www.ticketmaster.fr/fr/salle/den-atelier/idsite/1898,DEN ATELIER,LUXEMBOURG,CONCERT - MUSIQUE ELECTRONIQUE,"
          FLAVIEN BERGER
        ","
      à partir de
      30.20 €"
"
      LETO
    ",https://www.ticketmaster.fr/fr/manifestation/leto-billet/idmanif/561253,"
      2 février 2024
    ","
      2 février 2024
    ",,https://www.ticketmaster.fr/fr/salle/den-atelier/idsite/1898,DEN ATELIER,LUXEMBOURG,CONCERT - RAP HIP-HOP SLAM,"
          LETO
        ","
      à partir de
      35.20 €"
"
      REAL MADRID / ATLETICO MADRID
    ",https://www.ticketmaster.fr/fr/manifestation/real-madrid-atletico-madrid-billet/idmanif/560223,"
      3 février 2024
    ","
      3 février 2024
    ",,https://www.ticketmaster.fr/fr/salle/stade-santiago-bernabeu-madrid/idsite/13710,STADE SANTIAGO BERNABEU - MADRID,MADRID,SPORT - FOOTBALL,"
          REAL MADRID CF
        ","
      à partir de
      385.00 €"
"
      ABBA GOLD – The Concert Show
    ",https://www.ticketmaster.fr/fr/manifestation/abba-gold-the-concert-show-billet/idmanif/555761,"
      26 mai 2024
    ","
      26 mai 2024
    ",,https://www.ticketmaster.fr/fr/salle/rockhal-club-luxembourg/idsite/6566,ROCKHAL CLUB - LUXEMBOURG,ESCH/ALZETTE,CONCERT - POP ROCK FOLK,"
          TRIBUTE ABBA GOLD EUROPE
        ","
      à partir de
      45.00 €"
"
      GLAUQUE
    ",https://www.ticketmaster.fr/fr/manifestation/glauque-billet/idmanif/565865,"
      3 février 2024
    ","
      3 février 2024
    ",,https://www.ticketmaster.fr/fr/salle/rockhal-club-luxembourg/idsite/6566,ROCKHAL CLUB - LUXEMBOURG,ESCH/ALZETTE,CONCERT - RAP HIP-HOP SLAM,"
          GLAUQUE
        ","
      à partir de
      24.00 €"
"
      GLORYHAMMER & BEAST IN BLACK
    ",https://www.ticketmaster.fr/fr/manifestation/gloryhammer-beast-in-black-billet/idmanif/562398,"
      4 février 2024
    ","
      4 février 2024
    ",,https://www.ticketmaster.fr/fr/salle/garage/idsite/3879,GARAGE,SARREBRUCK/SARRE,CONCERT - HARD METAL,"
          BEAST IN BLACK
        ","
      à partir de
      50.71 €"
"
      REAL MADRID / CELTA VIGO
    ",https://www.ticketmaster.fr/fr/manifestation/real-madrid-celta-vigo-billet/idmanif/560229,"
      9 mars 2024
    ","
      9 mars 2024
    ",,https://www.ticketmaster.fr/fr/salle/stade-santiago-bernabeu-madrid/idsite/13710,STADE SANTIAGO BERNABEU - MADRID,MADRID,SPORT - FOOTBALL,"
          REAL MADRID CF
        ","
      à partir de
      143.00 €"
"
      NAIM
    ",https://www.ticketmaster.fr/fr/manifestation/naim-billet/idmanif/548820,"
      4 mai 2024
    ","
      4 mai 2024
    ",,https://www.ticketmaster.fr/fr/salle/chapito-casino-2000/idsite/5498,CHAPITO - CASINO 2000,MONDORF LES BAINS,HUMOUR ET ONE (WO)MAN SHOW - ONE (WO)MAN SHOW,"
          NAIM
        ","
      à partir de
      39.00 €"
"
      BATTLE BEAST
    ",https://www.ticketmaster.fr/fr/manifestation/battle-beast-billet/idmanif/562226,"
      8 février 2024
    ","
      8 février 2024
    ",,https://www.ticketmaster.fr/fr/salle/rockhal-club-luxembourg/idsite/6566,ROCKHAL CLUB - LUXEMBOURG,ESCH/ALZETTE,CONCERT - HARD METAL,"
          BATTLE BEAST
        ","
      à partir de
      31.20 €"
"
      WISHBONE ASH
    ",https://www.ticketmaster.fr/fr/manifestation/wishbone-ash-billet/idmanif/567685,"
      9 février 2024
    ","
      9 février 2024
    ",,https://www.ticketmaster.fr/fr/salle/centre-culturel-dudelange-opderschmelz/idsite/9960,CENTRE CULTUREL DUDELANGE OPDERSCHMELZ,DUDELANGE,CONCERT - POP ROCK FOLK,"
          WISHBONE ASH
        ","
      à partir de
      27.20 €"
"
      Goldmen
    ",https://www.ticketmaster.fr/fr/manifestation/goldmen-billet/idmanif/528823,"
      9 février 2024
    ","
      9 février 2024
    ",,https://www.ticketmaster.fr/fr/salle/chapito-casino-2000/idsite/5498,CHAPITO - CASINO 2000,MONDORF LES BAINS,CONCERT - VARIETE ET CHANSON FRANCAISE,"
          GOLDMEN
        ","
      à partir de
      39.00 €"
"
      FC BARCELONE / GRANADA
    ",https://www.ticketmaster.fr/fr/manifestation/fc-barcelone-granada-billet/idmanif/560700,"
      10 février 2024
    ","
      10 février 2024
    ",,https://www.ticketmaster.fr/fr/salle/stade-olympique-lluis-companys/idsite/20447,STADE OLYMPIQUE LLUIS COMPANYS,BARCELONE,SPORT - FOOTBALL,"
          FC BARCELONE
        ","
      à partir de
      66.00 €"
"
      THE BOOTLEG BEATLES
    ",https://www.ticketmaster.fr/fr/manifestation/the-bootleg-beatles-billet/idmanif/554608,"
      13 février 2024
    ","
      13 février 2024
    ",,https://www.ticketmaster.fr/fr/salle/rockhal-club-luxembourg/idsite/6566,ROCKHAL CLUB - LUXEMBOURG,ESCH/ALZETTE,CONCERT - POP ROCK FOLK,"
          THE BOOTLEG BEATLES
        ","
      à partir de
      35.20 €"
"
      CALOGERO
    ",https://www.ticketmaster.fr/fr/manifestation/calogero-billet/idmanif/554305,"
      2 mars 2024
    ","
      2 mars 2024
    ",,https://www.ticketmaster.fr/fr/salle/rockhal-main-hall/idsite/6566,ROCKHAL - MAIN HALL,ESCH/ALZETTE,CONCERT - VARIETE ET CHANSON FRANCAISE,"
          CALOGERO
        ","
      à partir de
      59.00 €"
"
      FREEZE CORLEONE
    ",https://www.ticketmaster.fr/fr/manifestation/freeze-corleone-billet/idmanif/557707,"
      16 février 2024
    ","
      16 février 2024
    ",,https://www.ticketmaster.fr/fr/salle/rockhal-main-hall/idsite/6566,ROCKHAL - MAIN HALL,ESCH/ALZETTE,CONCERT - RAP HIP-HOP SLAM,"
          FREEZE CORLEONE
        ","
      à partir de
      42.50 €"
"
      ATLETICO MADRID / LAS PALMAS
    ",https://www.ticketmaster.fr/fr/manifestation/atletico-madrid-las-palmas-billet/idmanif/560787,"
      17 février 2024
    ","
      17 février 2024
    ",,https://www.ticketmaster.fr/fr/salle/civitas-metropolitano-madrid/idsite/17987,CIVITAS METROPOLITANO MADRID,MADRID,SPORT - FOOTBALL,"
          ATLETICO MADRID
        ","
      à partir de
      71.50 €"
"
      FESTIVAL INTERNATIONAL VIVE LA MAGIE
    ",https://www.ticketmaster.fr/fr/manifestation/festival-international-vive-la-magie-billet/idmanif/552038,"
    Du
    
      17 février 2024
    
    au
    
      18 février 2024
    ","
      17 février 2024
    ","
      18 février 2024
    ",https://www.ticketmaster.fr/fr/salle/centre-culturel-d-auderghem/idsite/20314,CENTRE CULTUREL D'AUDERGHEM,BRUXELLES,SPECTACLE ET COMEDIE MUSICALE - MAGIE,"
          FESTIVAL INTERNATIONAL VIVE LA MAGIE
        ","
      à partir de
      34.50 €"
"
      SCARY POCKETS
    ",https://www.ticketmaster.fr/fr/manifestation/scary-pockets-billet/idmanif/565866,"
      17 février 2024
    ","
      17 février 2024
    ",,https://www.ticketmaster.fr/fr/salle/rockhal-club-luxembourg/idsite/6566,ROCKHAL CLUB - LUXEMBOURG,ESCH/ALZETTE,CONCERT - JAZZ,"
          SCARY POCKETS
        ","
      à partir de
      30.20 €"
"
      ROCK IN RIO LISBOA 2024 - WEEKEND PASS
    ",https://www.ticketmaster.fr/fr/manifestation/rock-in-rio-lisboa-2024-weekend-pass-billet/idmanif/566842,"
    Du
    
      15 juin 2024
    
    au
    
      23 juin 2024
    ","
      15 juin 2024
    ","
      23 juin 2024
    ",https://www.ticketmaster.fr/fr/salle/parque-urbano-do-tejo-e-do-trancao/idsite/20539,PARQUE URBANO DO TEJO E DO TRANCAO,LISBOA,FESTIVAL - FESTIVAL MUSIQUE,"
          ED SHEERAN
        ","
      à partir de
      147.00 €"
"
      TSEW THE KID
    ",https://www.ticketmaster.fr/fr/manifestation/tsew-the-kid-billet/idmanif/561257,"
      23 février 2024
    ","
      23 février 2024
    ",,https://www.ticketmaster.fr/fr/salle/den-atelier/idsite/1898,DEN ATELIER,LUXEMBOURG,CONCERT - RAP HIP-HOP SLAM,"
          TSEW THE KID
        ","
      à partir de
      30.20 €"
"
      FC BARCELONE / GETAFE
    ",https://www.ticketmaster.fr/fr/manifestation/fc-barcelone-getafe-billet/idmanif/560702,"
      24 février 2024
    ","
      24 février 2024
    ",,https://www.ticketmaster.fr/fr/salle/stade-olympique-lluis-companys/idsite/20447,STADE OLYMPIQUE LLUIS COMPANYS,BARCELONE,SPORT - FOOTBALL,"
          FC BARCELONE
        ","
      à partir de
      82.50 €"
"
      REAL MADRID / SEVILLA
    ",https://www.ticketmaster.fr/fr/manifestation/real-madrid-sevilla-billet/idmanif/560227,"
      24 février 2024
    ","
      24 février 2024
    ",,https://www.ticketmaster.fr/fr/salle/stade-santiago-bernabeu-madrid/idsite/13710,STADE SANTIAGO BERNABEU - MADRID,MADRID,SPORT - FOOTBALL,"
          REAL MADRID CF
        ","
      à partir de
      187.00 €"
"
      CENDRILLON
    ",https://www.ticketmaster.fr/fr/manifestation/cendrillon-billet/idmanif/562445,"
      24 février 2024
    ","
      24 février 2024
    ",,https://www.ticketmaster.fr/fr/salle/theatre-de-la-louviere/idsite/20481,THEATRE DE LA LOUVIERE,LA LOUVIÈRE,THEATRE - COMEDIE,"
          CENDRILLON
        ","
      à partir de
      13.60 €"
"
      ADOS VS PARENTS : MODE D'EMPLOI
    ",https://www.ticketmaster.fr/fr/manifestation/ados-vs-parents-mode-d-emploi-billet/idmanif/562458,"
      24 février 2024
    ","
      24 février 2024
    ",,https://www.ticketmaster.fr/fr/salle/theatre-de-la-louviere/idsite/20481,THEATRE DE LA LOUVIERE,LA LOUVIÈRE,THEATRE - COMEDIE,"
          ADOS VS PARENTS MODE D'EMPLOI
        ","
      à partir de
      21.00 €"
"
      LE CLAN DES DIVORCEES
    ",https://www.ticketmaster.fr/fr/manifestation/le-clan-des-divorcees-billet/idmanif/562519,"
      24 février 2024
    ","
      24 février 2024
    ",,https://www.ticketmaster.fr/fr/salle/theatre-de-la-louviere/idsite/20481,THEATRE DE LA LOUVIERE,LA LOUVIÈRE,THEATRE - COMEDIE,"
          LE CLAN DES DIVORCEES
        ","
      à partir de
      37.20 €"
"
      IAM
    ",https://www.ticketmaster.fr/fr/manifestation/iam-billet/idmanif/554637,"
      26 février 2024
    ","
      26 février 2024
    ",,https://www.ticketmaster.fr/fr/salle/rockhal-club-luxembourg/idsite/6566,ROCKHAL CLUB - LUXEMBOURG,ESCH/ALZETTE,CONCERT - RAP HIP-HOP SLAM,"
          IAM
        ","
      à partir de
      46.50 €"
"
      HOLLY HUMBERSTONE
    ",https://www.ticketmaster.fr/fr/manifestation/holly-humberstone-billet/idmanif/566350,"
      27 février 2024
    ","
      27 février 2024
    ",,https://www.ticketmaster.fr/fr/salle/rockhal-club-luxembourg/idsite/6566,ROCKHAL CLUB - LUXEMBOURG,ESCH/ALZETTE,CONCERT - POP ROCK FOLK,"
          HOLLY HUMBERSTONE
        ","
      à partir de
      28.20 €"
"
      DIONYSOS
    ",https://www.ticketmaster.fr/fr/manifestation/dionysos-billet/idmanif/565740,"
      28 février 2024
    ","
      28 février 2024
    ",,https://www.ticketmaster.fr/fr/salle/rockhal-club-luxembourg/idsite/6566,ROCKHAL CLUB - LUXEMBOURG,ESCH/ALZETTE,CONCERT - POP ROCK FOLK,"
          DIONYSOS
        ","
      à partir de
      37.70 €"
"
      JASON DERULO
    ",https://www.ticketmaster.fr/fr/manifestation/jason-derulo-billet/idmanif/564824,"
      29 février 2024
    ","
      29 février 2024
    ",,https://www.ticketmaster.fr/fr/salle/rockhal-main-hall/idsite/6566,ROCKHAL - MAIN HALL,ESCH/ALZETTE,CONCERT - RNB SOUL FUNK DISCO,"
          JASON DERULO
        ","
      à partir de
      73.00 €"
"
      LA GUERRE DES SEXES
    ",https://www.ticketmaster.fr/fr/manifestation/la-guerre-des-sexes-billet/idmanif/554246,"
    Du
    
      1 mars 2024
    
    au
    
      2 mars 2024
    ","
      1 mars 2024
    ","
      2 mars 2024
    ",https://www.ticketmaster.fr/fr/salle/centre-culturel-d-auderghem/idsite/20314,CENTRE CULTUREL D'AUDERGHEM,BRUXELLES,THEATRE - COMEDIE,"
          LA GUERRE DES SEXES
        ","
      à partir de
      37.00 €"
"
      ATLETICO MADRID / REAL BETIS
    ",https://www.ticketmaster.fr/fr/manifestation/atletico-madrid-real-betis-billet/idmanif/560786,"
      2 mars 2024
    ","
      2 mars 2024
    ",,https://www.ticketmaster.fr/fr/salle/civitas-metropolitano-madrid/idsite/17987,CIVITAS METROPOLITANO MADRID,MADRID,SPORT - FOOTBALL,"
          ATLETICO MADRID
        ","
      à partir de
      110.00 €"
"
      FC BARCELONE / RCD MALLORCA
    ",https://www.ticketmaster.fr/fr/manifestation/fc-barcelone-rcd-mallorca-billet/idmanif/560704,"
      9 mars 2024
    ","
      9 mars 2024
    ",,https://www.ticketmaster.fr/fr/salle/stade-olympique-lluis-companys/idsite/20447,STADE OLYMPIQUE LLUIS COMPANYS,BARCELONE,SPORT - FOOTBALL,"
          FC BARCELONE
        ","
      à partir de
      66.00 €"
"
      SIMPLE MINDS
    ",https://www.ticketmaster.fr/fr/manifestation/simple-minds-billet/idmanif/564974,"
      2 avril 2024
    ","
      2 avril 2024
    ",,https://www.ticketmaster.fr/fr/salle/rockhal-main-hall/idsite/6566,ROCKHAL - MAIN HALL,ESCH/ALZETTE,CONCERT - POP ROCK FOLK,"
          SIMPLE MINDS
        ","
      à partir de
      54.00 €"
"
      MANU PAYET
    ",https://www.ticketmaster.fr/fr/manifestation/manu-payet-billet/idmanif/566330,"
      12 mars 2024
    ","
      12 mars 2024
    ",,https://www.ticketmaster.fr/fr/salle/salle-prince-pierre-grimaldi-forum/idsite/2956,SALLE PRINCE PIERRE - GRIMALDI FORUM,MONACO,HUMOUR ET ONE (WO)MAN SHOW - HUMOUR,"
          MANU PAYET
        ","
      à partir de
      48.00 €"
"
      IDLES
    ",https://www.ticketmaster.fr/fr/manifestation/idles-billet/idmanif/565099,"
      12 mars 2024
    ","
      12 mars 2024
    ",,https://www.ticketmaster.fr/fr/salle/rockhal-main-hall/idsite/6566,ROCKHAL - MAIN HALL,ESCH/ALZETTE,CONCERT - POP ROCK FOLK,"
          IDLES
        ","
      à partir de
      43.50 €"
"
      BOODER IS BACK
    ",https://www.ticketmaster.fr/fr/manifestation/booder-is-back-billet/idmanif/566327,"
      13 mars 2024
    ","
      13 mars 2024
    ",,https://www.ticketmaster.fr/fr/salle/salle-prince-pierre-grimaldi-forum/idsite/2956,SALLE PRINCE PIERRE - GRIMALDI FORUM,MONACO,HUMOUR ET ONE (WO)MAN SHOW - HUMOUR,"
          BOODER IS BACK
        ","
      à partir de
      44.50 €"
"
      FRANCOIS-XAVIER DEMAISON
    ",https://www.ticketmaster.fr/fr/manifestation/francois-xavier-demaison-billet/idmanif/566329,"
      14 mars 2024
    ","
      14 mars 2024
    ",,https://www.ticketmaster.fr/fr/salle/salle-prince-pierre-grimaldi-forum/idsite/2956,SALLE PRINCE PIERRE - GRIMALDI FORUM,MONACO,HUMOUR ET ONE (WO)MAN SHOW - HUMOUR,"
          FRANCOIS-XAVIER DEMAISON
        ","
      à partir de
      52.00 €"
"
      EDDY DE PRETTO
    ",https://www.ticketmaster.fr/fr/manifestation/eddy-de-pretto-billet/idmanif/562949,"
      15 mars 2024
    ","
      15 mars 2024
    ",,https://www.ticketmaster.fr/fr/salle/den-atelier/idsite/1898,DEN ATELIER,LUXEMBOURG,CONCERT - VARIETE ET CHANSON FRANCAISE,"
          EDDY DE PRETTO
        ","
      à partir de
      46.50 €"
"
      LE COMEDY DES SERENISSIMES
    ",https://www.ticketmaster.fr/fr/manifestation/le-comedy-des-serenissimes-billet/idmanif/566331,"
      15 mars 2024
    ","
      15 mars 2024
    ",,https://www.ticketmaster.fr/fr/salle/salle-camille-blanc-grimaldi-forum/idsite/2956,SALLE CAMILLE BLANC - GRIMALDI FORUM,MONACO,HUMOUR ET ONE (WO)MAN SHOW - HUMOUR,"
          LE COMEDY DES SERENISSIMES
        ","
      à partir de
      32.20 €"
"
      SHAKA PONK
    ",https://www.ticketmaster.fr/fr/manifestation/shaka-ponk-billet/idmanif/538288,"
      15 mars 2024
    ","
      15 mars 2024
    ",,https://www.ticketmaster.fr/fr/salle/rockhal-main-hall/idsite/6566,ROCKHAL - MAIN HALL,ESCH/ALZETTE,CONCERT - POP ROCK FOLK,"
          SHAKA PONK
        ","
      à partir de
      43.50 €"
"
      ATLETICO MADRID / FC BARCELONE
    ",https://www.ticketmaster.fr/fr/manifestation/atletico-madrid-fc-barcelone-billet/idmanif/560785,"
      16 mars 2024
    ","
      16 mars 2024
    ",,https://www.ticketmaster.fr/fr/salle/civitas-metropolitano-madrid/idsite/17987,CIVITAS METROPOLITANO MADRID,MADRID,SPORT - FOOTBALL,"
          ATLETICO MADRID
        ","
      à partir de
      198.00 €"
"
      DAVID VOINSON
    ",https://www.ticketmaster.fr/fr/manifestation/david-voinson-billet/idmanif/566328,"
      16 mars 2024
    ","
      16 mars 2024
    ",,https://www.ticketmaster.fr/fr/salle/salle-prince-pierre-grimaldi-forum/idsite/2956,SALLE PRINCE PIERRE - GRIMALDI FORUM,MONACO,HUMOUR ET ONE (WO)MAN SHOW - HUMOUR,"
          DAVID VOINSON
        ","
      à partir de
      42.50 €"
"
      LP
    ",https://www.ticketmaster.fr/fr/manifestation/lp-billet/idmanif/566325,"
      17 mars 2024
    ","
      17 mars 2024
    ",,https://www.ticketmaster.fr/fr/salle/den-atelier/idsite/1898,DEN ATELIER,LUXEMBOURG,CONCERT - POP ROCK FOLK,"
          LP
        ","
      à partir de
      41.50 €"
"
      MOTHER MOTHER
    ",https://www.ticketmaster.fr/fr/manifestation/mother-mother-billet/idmanif/566332,"
      22 mars 2024
    ","
      22 mars 2024
    ",,https://www.ticketmaster.fr/fr/salle/den-atelier/idsite/1898,DEN ATELIER,LUXEMBOURG,CONCERT - POP ROCK FOLK,"
          MOTHER MOTHER
        ","
      à partir de
      37.50 €"
"
      IAM
    ",https://www.ticketmaster.fr/fr/manifestation/iam-billet/idmanif/561597,"
      22 mars 2024
    ","
      22 mars 2024
    ",,https://www.ticketmaster.fr/fr/salle/espace-leo-ferre/idsite/6096,ESPACE LEO FERRE,MONACO,CONCERT - RAP HIP-HOP SLAM,"
          I AM
        ","
      à partir de
      38.50 €"
"
      PABLO MIRA
    ",https://www.ticketmaster.fr/fr/manifestation/pablo-mira-billet/idmanif/557194,"
      1 juin 2024
    ","
      1 juin 2024
    ",,https://www.ticketmaster.fr/fr/salle/salle-prince-pierre-grimaldi-forum/idsite/2956,SALLE PRINCE PIERRE - GRIMALDI FORUM,MONACO,HUMOUR ET ONE (WO)MAN SHOW - HUMOUR,"
          PABLO MIRA
        ","
      à partir de
      44.50 €"
"
      MASS HYSTERIA
    ",https://www.ticketmaster.fr/fr/manifestation/mass-hysteria-billet/idmanif/564128,"
      23 mars 2024
    ","
      23 mars 2024
    ",,https://www.ticketmaster.fr/fr/salle/den-atelier/idsite/1898,DEN ATELIER,LUXEMBOURG,CONCERT - HARD METAL,"
          MASS HYSTERIA
        ","
      à partir de
      35.20 €"
"
      PAROV STELAR
    ",https://www.ticketmaster.fr/fr/manifestation/parov-stelar-billet/idmanif/566347,"
      23 mars 2024
    ","
      23 mars 2024
    ",,https://www.ticketmaster.fr/fr/salle/rockhal-club-luxembourg/idsite/6566,ROCKHAL CLUB - LUXEMBOURG,ESCH/ALZETTE,CONCERT - MUSIQUE ELECTRONIQUE,"
          PAROV STELAR
        ","
      à partir de
      50.00 €"
"
      L'HERITAGE GOLDMAN
    ",https://www.ticketmaster.fr/fr/manifestation/l-heritage-goldman-billet/idmanif/567023,"
      24 mars 2024
    ","
      24 mars 2024
    ",,https://www.ticketmaster.fr/fr/salle/rockhal-main-hall/idsite/6566,ROCKHAL - MAIN HALL,ESCH/ALZETTE,CONCERT - VARIETE ET CHANSON FRANCAISE,"
          L'HERITAGE GOLDMAN
        ","
      à partir de
      49.00 €"
"
      MIKA
    ",https://www.ticketmaster.fr/fr/manifestation/mika-billet/idmanif/564602,"
      26 mars 2024
    ","
      26 mars 2024
    ",,https://www.ticketmaster.fr/fr/salle/rockhal-main-hall/idsite/6566,ROCKHAL - MAIN HALL,ESCH/ALZETTE,CONCERT - VARIETE INTERNATIONALE,"
          MIKA
        ","
      à partir de
      53.00 €"
"
      PLOPSALAND - PASS ADULTE + PARKING
    ",https://www.ticketmaster.fr/fr/manifestation/plopsaland-pass-adulte-parking-billet/idmanif/546917,"
    Du
    
      9 février 2023
    
    au
    
      27 mars 2024
    ","
      9 février 2023
    ","
      27 mars 2024
    ",https://www.ticketmaster.fr/fr/salle/plopsaland/idsite/3471,PLOPSALAND,LA PANNE,PARC - PARC DE LOISIRS,"
          PLOPSALAND
        ","
      à partir de
      149.00 €"
"
      PLOPSALAND
    ",https://www.ticketmaster.fr/fr/manifestation/plopsaland-billet/idmanif/546895,"
    Du
    
      9 février 2023
    
    au
    
      27 mars 2024
    ","
      9 février 2023
    ","
      27 mars 2024
    ",https://www.ticketmaster.fr/fr/salle/plopsaland/idsite/3471,PLOPSALAND,LA PANNE,PARC - PARC DE LOISIRS,"
          PLOPSALAND
        ","
      à partir de
      17.99 €"
"
      REAL MADRID / ATHLETIC BILBAO
    ",https://www.ticketmaster.fr/fr/manifestation/real-madrid-athletic-bilbao-billet/idmanif/560232,"
      30 mars 2024
    ","
      30 mars 2024
    ",,https://www.ticketmaster.fr/fr/salle/stade-santiago-bernabeu-madrid/idsite/13710,STADE SANTIAGO BERNABEU - MADRID,MADRID,SPORT - FOOTBALL,"
          REAL MADRID CF
        ","
      à partir de
      187.00 €"
"
      PLOPSAQUA
    ",https://www.ticketmaster.fr/fr/manifestation/plopsaqua-billet/idmanif/546925,"
    Du
    
      9 février 2023
    
    au
    
      29 mars 2024
    ","
      9 février 2023
    ","
      29 mars 2024
    ",https://www.ticketmaster.fr/fr/salle/plopsaqua/idsite/16287,PLOPSAQUA,LA PANNE,PARC - PARC AQUATIQUE,"
          PLOPSALAND
        ","
      à partir de
      13.50 €"
"
      PLOPSAQUA- PASS ADULTE + PARKING
    ",https://www.ticketmaster.fr/fr/manifestation/plopsaqua-pass-adulte-parking-billet/idmanif/546931,"
    Du
    
      9 février 2023
    
    au
    
      29 mars 2024
    ","
      9 février 2023
    ","
      29 mars 2024
    ",https://www.ticketmaster.fr/fr/salle/plopsaqua/idsite/16287,PLOPSAQUA,LA PANNE,PARC - PARC AQUATIQUE,"
          PLOPSALAND
        ","
      à partir de
      149.00 €"
"
      FC BARCELONE / LAS PALMAS
    ",https://www.ticketmaster.fr/fr/manifestation/fc-barcelone-las-palmas-billet/idmanif/560705,"
      30 mars 2024
    ","
      30 mars 2024
    ",,https://www.ticketmaster.fr/fr/salle/stade-olympique-lluis-companys/idsite/20447,STADE OLYMPIQUE LLUIS COMPANYS,BARCELONE,SPORT - FOOTBALL,"
          FC BARCELONE
        ","
      à partir de
      82.50 €"
"
      CENDRILLON
    ",https://www.ticketmaster.fr/fr/manifestation/cendrillon-billet/idmanif/562448,"
      31 mars 2024
    ","
      31 mars 2024
    ",,https://www.ticketmaster.fr/fr/salle/theatre-de-namur/idsite/11619,THEATRE DE NAMUR,NAMUR,THEATRE - COMEDIE,"
          CENDRILLON
        ","
      à partir de
      13.60 €"
"
      ADOS VS PARENTS : MODE D'EMPLOI
    ",https://www.ticketmaster.fr/fr/manifestation/ados-vs-parents-mode-d-emploi-billet/idmanif/562467,"
      31 mars 2024
    ","
      31 mars 2024
    ",,https://www.ticketmaster.fr/fr/salle/theatre-de-namur/idsite/11619,THEATRE DE NAMUR,NAMUR,THEATRE - COMEDIE,"
          ADOS VS PARENTS MODE D'EMPLOI
        ","
      à partir de
      21.00 €"
"
      LE CLAN DES DIVORCEES
    ",https://www.ticketmaster.fr/fr/manifestation/le-clan-des-divorcees-billet/idmanif/562522,"
      31 mars 2024
    ","
      31 mars 2024
    ",,https://www.ticketmaster.fr/fr/salle/theatre-de-namur/idsite/11619,THEATRE DE NAMUR,NAMUR,THEATRE - COMEDIE,"
          LE CLAN DES DIVORCEES
        ","
      à partir de
      37.20 €"
"
      CARAVAN PALACE
    ",https://www.ticketmaster.fr/fr/manifestation/caravan-palace-billet/idmanif/567254,"
      3 avril 2024
    ","
      3 avril 2024
    ",,https://www.ticketmaster.fr/fr/salle/shepherd-s-bush-empire/idsite/15956,Shepherd's Bush Empire,LONDRES,CONCERT - POP ROCK FOLK,"
          CARAVAN PALACE
        ","
      à partir de
      41.10 €"
"
      WARKINGS
    ",https://www.ticketmaster.fr/fr/manifestation/warkings-billet/idmanif/562395,"
      4 avril 2024
    ","
      4 avril 2024
    ",,https://www.ticketmaster.fr/fr/salle/garage/idsite/3879,GARAGE,SARREBRUCK/SARRE,CONCERT - HARD METAL,"
          WARKINGS
        ","
      à partir de
      33.70 €"
"
      MAHMOOD
    ",https://www.ticketmaster.fr/fr/manifestation/mahmood-billet/idmanif/554641,"
      4 avril 2024
    ","
      4 avril 2024
    ",,https://www.ticketmaster.fr/fr/salle/rockhal-club-luxembourg/idsite/6566,ROCKHAL CLUB - LUXEMBOURG,ESCH/ALZETTE,CONCERT - POP ROCK FOLK,"
          MAHMOOD
        ","
      à partir de
      60.00 €"
"
      PLOPSALAND - PROMOTION
    ",https://www.ticketmaster.fr/fr/manifestation/plopsaland-promotion-billet/idmanif/567411,"
    Du
    
      30 octobre 2023
    
    au
    
      15 juillet 2024
    ","
      30 octobre 2023
    ","
      15 juillet 2024
    ",https://www.ticketmaster.fr/fr/salle/plopsaland/idsite/3471,PLOPSALAND,LA PANNE,PARC - PARC DE LOISIRS,"
          PLOPSALAND
        ","
      à partir de
      33.95 €"
"
      ATLETICO MADRID / GIRONA
    ",https://www.ticketmaster.fr/fr/manifestation/atletico-madrid-girona-billet/idmanif/560783,"
      13 avril 2024
    ","
      13 avril 2024
    ",,https://www.ticketmaster.fr/fr/salle/civitas-metropolitano-madrid/idsite/17987,CIVITAS METROPOLITANO MADRID,MADRID,SPORT - FOOTBALL,"
          ATLETICO MADRID
        ","
      à partir de
      71.50 €"
"
      MAXIME GASTEUIL
    ",https://www.ticketmaster.fr/fr/manifestation/maxime-gasteuil-billet/idmanif/543126,"
      13 avril 2024
    ","
      13 avril 2024
    ",,https://www.ticketmaster.fr/fr/salle/espace-leo-ferre/idsite/6096,ESPACE LEO FERRE,MONACO,HUMOUR ET ONE (WO)MAN SHOW - ONE (WO)MAN SHOW,"
          MAXIME GASTEUIL
        ","
      à partir de
      34.20 €"
"
      MR. BIG
    ",https://www.ticketmaster.fr/fr/manifestation/mr-big-billet/idmanif/564976,"
      15 avril 2024
    ","
      15 avril 2024
    ",,https://www.ticketmaster.fr/fr/salle/rockhal-club-luxembourg/idsite/6566,ROCKHAL CLUB - LUXEMBOURG,ESCH/ALZETTE,CONCERT - POP ROCK FOLK,"
          MR. BIG
        ","
      à partir de
      43.50 €"
"
      FEUERSCHWANZ
    ",https://www.ticketmaster.fr/fr/manifestation/feuerschwanz-billet/idmanif/562397,"
      18 avril 2024
    ","
      18 avril 2024
    ",,https://www.ticketmaster.fr/fr/salle/garage/idsite/3879,GARAGE,SARREBRUCK/SARRE,CONCERT - HARD METAL,"
          FEUERSCHWANZ
        ","
      à partir de
      44.70 €"
"
      REAL MADRID / FC BARCELONA
    ",https://www.ticketmaster.fr/fr/manifestation/real-madrid-fc-barcelona-billet/idmanif/560234,"
      20 avril 2024
    ","
      20 avril 2024
    ",,https://www.ticketmaster.fr/fr/salle/stade-santiago-bernabeu-madrid/idsite/13710,STADE SANTIAGO BERNABEU - MADRID,MADRID,SPORT - FOOTBALL,"
          REAL MADRID CF
        ","
      à partir de
      735.00 €"
"
      JEFF PANACLOC
    ",https://www.ticketmaster.fr/fr/manifestation/jeff-panacloc-billet/idmanif/549500,"
      21 avril 2024
    ","
      21 avril 2024
    ",,https://www.ticketmaster.fr/fr/salle/rockhal-main-hall/idsite/6566,ROCKHAL - MAIN HALL,ESCH/ALZETTE,HUMOUR ET ONE (WO)MAN SHOW - ONE (WO)MAN SHOW,"
          JEFF PANACLOC
        ","
      à partir de
      41.50 €"
"
      BEYOND THE BLACK
    ",https://www.ticketmaster.fr/fr/manifestation/beyond-the-black-billet/idmanif/562396,"
      21 avril 2024
    ","
      21 avril 2024
    ",,https://www.ticketmaster.fr/fr/salle/garage/idsite/3879,GARAGE,SARREBRUCK/SARRE,CONCERT - HARD METAL,"
          BEYOND THE BLACK
        ","
      à partir de
      45.46 €"
"
      PINK MARTINI
    ",https://www.ticketmaster.fr/fr/manifestation/pink-martini-billet/idmanif/565927,"
      24 avril 2024
    ","
      24 avril 2024
    ",,https://www.ticketmaster.fr/fr/salle/rockhal-club-luxembourg/idsite/6566,ROCKHAL CLUB - LUXEMBOURG,ESCH/ALZETTE,CONCERT - BLUES COUNTRY,"
          PINK MARTINI
        ","
      à partir de
      48.50 €"
"
      ATLETICO MADRID / ATHLETIC BILBAO
    ",https://www.ticketmaster.fr/fr/manifestation/atletico-madrid-athletic-bilbao-billet/idmanif/560781,"
      27 avril 2024
    ","
      27 avril 2024
    ",,https://www.ticketmaster.fr/fr/salle/civitas-metropolitano-madrid/idsite/17987,CIVITAS METROPOLITANO MADRID,MADRID,SPORT - FOOTBALL,"
          ATLETICO MADRID
        ","
      à partir de
      115.50 €"
"
      FC BARCELONE / VALENCIA
    ",https://www.ticketmaster.fr/fr/manifestation/fc-barcelone-valencia-billet/idmanif/560722,"
      27 avril 2024
    ","
      27 avril 2024
    ",,https://www.ticketmaster.fr/fr/salle/stade-olympique-lluis-companys/idsite/20447,STADE OLYMPIQUE LLUIS COMPANYS,BARCELONE,SPORT - FOOTBALL,"
          FC BARCELONE
        ","
      à partir de
      82.50 €"
"
      AVISHAI COHEN BANDA IROKO
    ",https://www.ticketmaster.fr/fr/manifestation/avishai-cohen-banda-iroko-billet/idmanif/566943,"
      2 mai 2024
    ","
      2 mai 2024
    ",,https://www.ticketmaster.fr/fr/salle/den-atelier/idsite/1898,DEN ATELIER,LUXEMBOURG,CONCERT - JAZZ,"
          AVISHAI COHEN
        ","
      à partir de
      49.00 €"
"
      LE LAC DES CYGNES - BALLET ET ORCHESTRE
    ",https://www.ticketmaster.fr/fr/manifestation/le-lac-des-cygnes-ballet-et-orchestre-billet/idmanif/552808,"
      2 mai 2024
    ","
      2 mai 2024
    ",,https://www.ticketmaster.fr/fr/salle/rockhal-main-hall/idsite/6566,ROCKHAL - MAIN HALL,ESCH/ALZETTE,DANSE - DANSE CLASSIQUE,"
          LE LAC DES CYGNES
        ","
      à partir de
      52.00 €"
"
      THE BLUES BROTHERS
    ",https://www.ticketmaster.fr/fr/manifestation/the-blues-brothers-billet/idmanif/566184,"
    Du
    
      3 mai 2024
    
    au
    
      4 mai 2024
    ","
      3 mai 2024
    ","
      4 mai 2024
    ",https://www.ticketmaster.fr/fr/salle/salle-des-princes-grimaldi-forum/idsite/2956,SALLE DES PRINCES - GRIMALDI FORUM,MONACO,CONCERT - VARIETE ET CHANSON FRANCAISE,"
          THE BLUES BROTHERS
        ","
      à partir de
      33.20 €"
"
      TENACIOUS D
    ",https://www.ticketmaster.fr/fr/manifestation/tenacious-d-billet/idmanif/566336,"
      3 mai 2024
    ","
      3 mai 2024
    ",,https://www.ticketmaster.fr/fr/salle/rockhal-main-hall/idsite/6566,ROCKHAL - MAIN HALL,ESCH/ALZETTE,CONCERT - POP ROCK FOLK,"
          TENACIOUS D
        ",
"
      REAL MADRID / CADIZ
    ",https://www.ticketmaster.fr/fr/manifestation/real-madrid-cadiz-billet/idmanif/560237,"
      4 mai 2024
    ","
      4 mai 2024
    ",,https://www.ticketmaster.fr/fr/salle/stade-santiago-bernabeu-madrid/idsite/13710,STADE SANTIAGO BERNABEU - MADRID,MADRID,SPORT - FOOTBALL,"
          REAL MADRID CF
        ","
      à partir de
      165.00 €"
"
      FC BARCELONE / REAL SOCIEDAD
    ",https://www.ticketmaster.fr/fr/manifestation/fc-barcelone-real-sociedad-billet/idmanif/560724,"
      11 mai 2024
    ","
      11 mai 2024
    ",,https://www.ticketmaster.fr/fr/salle/stade-olympique-lluis-companys/idsite/20447,STADE OLYMPIQUE LLUIS COMPANYS,BARCELONE,SPORT - FOOTBALL,"
          FC BARCELONE
        ","
      à partir de
      93.50 €"
"
      ATLETICO MADRID / CELTA VIGO
    ",https://www.ticketmaster.fr/fr/manifestation/atletico-madrid-celta-vigo-billet/idmanif/560776,"
      11 mai 2024
    ","
      11 mai 2024
    ",,https://www.ticketmaster.fr/fr/salle/civitas-metropolitano-madrid/idsite/17987,CIVITAS METROPOLITANO MADRID,MADRID,SPORT - FOOTBALL,"
          ATLETICO MADRID
        ","
      à partir de
      71.50 €"
"
      BELLEWAERDE PARK - OFFRE ENFANT GRATUIT
    ",https://www.ticketmaster.fr/fr/manifestation/bellewaerde-park-offre-enfant-gratuit-billet/idmanif/567844,"
    Du
    
      9 décembre 2023
    
    au
    
      12 mai 2024
    ","
      9 décembre 2023
    ","
      12 mai 2024
    ",https://www.ticketmaster.fr/fr/salle/bellewaerde-park/idsite/5306,BELLEWAERDE PARK,YPRES,PARC - PARC DE LOISIRS,"
          BELLEWAERDE
        ",
"
      REAL MADRID / ALAVES
    ",https://www.ticketmaster.fr/fr/manifestation/real-madrid-alaves-billet/idmanif/560247,"
      14 mai 2024
    ","
      14 mai 2024
    ",,https://www.ticketmaster.fr/fr/salle/stade-santiago-bernabeu-madrid/idsite/13710,STADE SANTIAGO BERNABEU - MADRID,MADRID,SPORT - FOOTBALL,"
          REAL MADRID CF
        ","
      à partir de
      165.00 €"
"
      FC BARCELONE / RAYO VALLECANO
    ",https://www.ticketmaster.fr/fr/manifestation/fc-barcelone-rayo-vallecano-billet/idmanif/560726,"
      18 mai 2024
    ","
      18 mai 2024
    ",,https://www.ticketmaster.fr/fr/salle/stade-olympique-lluis-companys/idsite/20447,STADE OLYMPIQUE LLUIS COMPANYS,BARCELONE,SPORT - FOOTBALL,"
          FC BARCELONE
        ","
      à partir de
      93.50 €"
"
      ATLETICO MADRID / OSASUNA
    ",https://www.ticketmaster.fr/fr/manifestation/atletico-madrid-osasuna-billet/idmanif/560774,"
    Du
    
      18 mai 2024
    
    au
    
      28 mai 2024
    ","
      18 mai 2024
    ","
      28 mai 2024
    ",https://www.ticketmaster.fr/fr/salle/civitas-metropolitano-madrid/idsite/17987,CIVITAS METROPOLITANO MADRID,MADRID,SPORT - FOOTBALL,"
          ATLETICO MADRID
        ","
      à partir de
      71.50 €"
"
      MC SOLAAR
    ",https://www.ticketmaster.fr/fr/manifestation/mc-solaar-billet/idmanif/560468,"
      24 mai 2024
    ","
      24 mai 2024
    ",,https://www.ticketmaster.fr/fr/salle/rockhal-club-luxembourg/idsite/6566,ROCKHAL CLUB - LUXEMBOURG,ESCH/ALZETTE,CONCERT - RAP HIP-HOP SLAM,"
          MC SOLAAR
        ","
      à partir de
      40.50 €"
"
      REAL MADRID / REAL BETIS
    ",https://www.ticketmaster.fr/fr/manifestation/real-madrid-real-betis-billet/idmanif/560251,"
      25 mai 2024
    ","
      25 mai 2024
    ",,https://www.ticketmaster.fr/fr/salle/stade-santiago-bernabeu-madrid/idsite/13710,STADE SANTIAGO BERNABEU - MADRID,MADRID,SPORT - FOOTBALL,"
          REAL MADRID CF
        ","
      à partir de
      230.00 €"
"
      ROCK IN RIO LISBOA 2024 - DAILY GA
    ",https://www.ticketmaster.fr/fr/manifestation/rock-in-rio-lisboa-2024-daily-ga-billet/idmanif/566841,"
    Du
    
      15 juin 2024
    
    au
    
      23 juin 2024
    ","
      15 juin 2024
    ","
      23 juin 2024
    ",https://www.ticketmaster.fr/fr/salle/parque-urbano-do-tejo-e-do-trancao/idsite/20539,PARQUE URBANO DO TEJO E DO TRANCAO,LISBOA,FESTIVAL - FESTIVAL MUSIQUE,"
          ED SHEERAN
        ","
      à partir de
      84.00 €"
"
      ROCK IN RIO LISBOA - DAILY VIP 15/06
    ",https://www.ticketmaster.fr/fr/pack/rock-in-rio-lisboa-daily-vip-15-06-billet/idpack/3265,"
      15 juin 2024
    ","
      15 juin 2024
    ",,https://www.ticketmaster.fr/fr/salle/parque-urbano-do-tejo-e-do-trancao/idsite/20539,PARQUE URBANO DO TEJO E DO TRANCAO,LISBOA,FESTIVAL - FESTIVAL MUSIQUE,"
          ROCK IN RIO
        ",
"
      ROCK IN RIO LISBOA - DAILY VIP 16/06
    ",https://www.ticketmaster.fr/fr/pack/rock-in-rio-lisboa-daily-vip-16-06-billet/idpack/3266,"
      16 juin 2024
    ","
      16 juin 2024
    ",,https://www.ticketmaster.fr/fr/salle/parque-urbano-do-tejo-e-do-trancao/idsite/20539,PARQUE URBANO DO TEJO E DO TRANCAO,LISBOA,FESTIVAL - FESTIVAL MUSIQUE,"
          ROCK IN RIO
        ",
"
      ROCK IN RIO LISBOA - DAILY VIP 22/06
    ",https://www.ticketmaster.fr/fr/pack/rock-in-rio-lisboa-daily-vip-22-06-billet/idpack/3267,"
      22 juin 2024
    ","
      22 juin 2024
    ",,https://www.ticketmaster.fr/fr/salle/parque-urbano-do-tejo-e-do-trancao/idsite/20539,PARQUE URBANO DO TEJO E DO TRANCAO,LISBOA,FESTIVAL - FESTIVAL MUSIQUE,"
          ROCK IN RIO
        ",
"
      ROCK IN RIO LISBOA - DAILY VIP 23/06
    ",https://www.ticketmaster.fr/fr/pack/rock-in-rio-lisboa-daily-vip-23-06-billet/idpack/3268,"
      23 juin 2024
    ","
      23 juin 2024
    ",,https://www.ticketmaster.fr/fr/salle/parque-urbano-do-tejo-e-do-trancao/idsite/20539,PARQUE URBANO DO TEJO E DO TRANCAO,LISBOA,FESTIVAL - FESTIVAL MUSIQUE,"
          ROCK IN RIO
        ",
"
      HOLIDAY PARK
    ",https://www.ticketmaster.fr/fr/manifestation/holiday-park-billet/idmanif/547193,"
    Du
    
      1 avril 2023
    
    au
    
      12 juillet 2024
    ","
      1 avril 2023
    ","
      12 juillet 2024
    ",https://www.ticketmaster.fr/fr/salle/holiday-park/idsite/14131,HOLIDAY PARK,HASSLOCH,PARC - PARC DE LOISIRS,"
          HOLIDAY PARK
        ","
      à partir de
      17.99 €"
"
      HOLIDAY PARK - PROMOTION
    ",https://www.ticketmaster.fr/fr/manifestation/holiday-park-promotion-billet/idmanif/567429,"
    Du
    
      30 octobre 2023
    
    au
    
      15 juillet 2024
    ","
      30 octobre 2023
    ","
      15 juillet 2024
    ",https://www.ticketmaster.fr/fr/salle/holiday-park/idsite/14131,HOLIDAY PARK,HASSLOCH,PARC - PARC DE LOISIRS,"
          HOLIDAY PARK
        ","
      à partir de
      33.95 €"
"
      LOUANE
    ",https://www.ticketmaster.fr/fr/manifestation/louane-billet/idmanif/566075,"
      17 juillet 2024
    ","
      17 juillet 2024
    ",,https://www.ticketmaster.fr/fr/salle/neimenster/idsite/19137,NEIMENSTER,LUXEMBOURG,CONCERT - VARIETE ET CHANSON FRANCAISE,"
          LOUANE
        ","
      à partir de
      54.00 €"
"
      JARRY
    ",https://www.ticketmaster.fr/fr/manifestation/jarry-billet/idmanif/550972,"
      17 octobre 2024
    ","
      17 octobre 2024
    ",,https://www.ticketmaster.fr/fr/salle/chapito-casino-2000/idsite/5498,CHAPITO - CASINO 2000,MONDORF LES BAINS,HUMOUR ET ONE (WO)MAN SHOW - ONE (WO)MAN SHOW,"
          JARRY
        ","
      à partir de
      40.00 €"
"
      WITHIN TEMPTATION
    ",https://www.ticketmaster.fr/fr/manifestation/within-temptation-billet/idmanif/567850,"
      5 décembre 2024
    ","
      5 décembre 2024
    ",,https://www.ticketmaster.fr/fr/salle/rockhal-box-luxembourg/idsite/6566,ROCKHAL BOX - LUXEMBOURG,ESCH/ALZETTE,CONCERT - HARD METAL,"
          WITHIN TEMPTATION
        ","
      à partir de
      54.00 €"
"
      BUN HAY MEAN
    ",https://www.ticketmaster.fr/fr/manifestation/bun-hay-mean-billet/idmanif/561930,"
      6 décembre 2024
    ","
      6 décembre 2024
    ",,https://www.ticketmaster.fr/fr/salle/chapito-casino-2000/idsite/5498,CHAPITO - CASINO 2000,MONDORF LES BAINS,HUMOUR ET ONE (WO)MAN SHOW - ONE (WO)MAN SHOW,"
          BUN HAY MEAN
        ","
      à partir de
      39.00 €"
"
      B.B. JACQUES
    ",https://www.ticketmaster.fr/fr/manifestation/bb-jacques-billet/idmanif/548437,"
      6 décembre 2024
    ","
      6 décembre 2024
    ",,https://www.ticketmaster.fr/fr/salle/den-atelier/idsite/1898,DEN ATELIER,LUXEMBOURG,CONCERT - RAP HIP-HOP SLAM,"
          B.B. JACQUES
        ","
      à partir de
      28.20 €"
"
      DIE FANTASTISCHEN VIER
    ",https://www.ticketmaster.fr/fr/manifestation/die-fantastischen-vier-billet/idmanif/567640,"
      14 décembre 2024
    ","
      14 décembre 2024
    ",,https://www.ticketmaster.fr/fr/salle/rockhal-main-hall/idsite/6566,ROCKHAL - MAIN HALL,ESCH/ALZETTE,CONCERT - POP ROCK FOLK,"
          DIE FANTASTISCHEN VIER
        ","
      à partir de
      78.50 €"
"
      FESTIVAL MONDIAL DE LA MAGIE
    ",https://www.ticketmaster.fr/fr/manifestation/festival-mondial-de-la-magie-billet/idmanif/559475,"
      25 janvier 2025
    ","
      25 janvier 2025
    ",,https://www.ticketmaster.fr/fr/salle/chapito-casino-2000/idsite/5498,CHAPITO - CASINO 2000,MONDORF LES BAINS,CONCERT - VARIETE ET CHANSON FRANCAISE,"
          FESTIVAL MONDIAL DE LA MAGIE
        ","
      à partir de
      35.00 €"
"
      GIMS
    ",https://www.ticketmaster.fr/fr/manifestation/gims-billet/idmanif/543607,"
      2 février 2025
    ","
      2 février 2025
    ",,https://www.ticketmaster.fr/fr/salle/rockhal-main-hall/idsite/6566,ROCKHAL - MAIN HALL,ESCH/ALZETTE,CONCERT - VARIETE ET CHANSON FRANCAISE,"
          GIMS
        ","
      à partir de
      48.50 €"
