Titre1,Type,Lieux
1. The Royal Edinburgh Military Tattoo,�v�nements culturels,Vieille ville
2. Oktoberfest,Festival gastronomique,
3. Nuremberg Christmas Market,�v�nements culturels,Altstadt - St. Sebald
4. Christmas Market on Rathausplatz,�v�nements culturels,Centre-ville
5. Driftwood Garden,�v�nements culturels,
6. March� de No�l,�v�nements culturels,Mairie Nord
7. Jesolo Sand Nativity,�v�nements culturels,
8. Wimbledon,Manifestations sportives,
9. Jurassic World: The Exhibition,Expositions,Ouvert
10. Tomorrowland Belgium,Festivals de musique,
11. Frankfurt Christmas Market,�v�nements culturels,Innenstadt
12. Dresden Christmas Market,�v�nements culturels,Innere Altstadt
13. Cous Cous Fest,�v�nements culturels,Ouvert
14. Carnival of Viareggio,�v�nements culturels,
15. Carnival of Venice,�v�nements culturels,San Marco
16. Hamburger Dom,�v�nements culturels,St. Pauli
17. Stuttgart Christmas Market,�v�nements culturels,Rathaus
18. Christmas World,�v�nements culturels,Ouvert
19. Der Esslinger Mittelaltermarkt & Weihnachtsmarkt,�v�nements culturels,Ouvert
20. Palio di Siena,Manifestations sportives,
21. The Fallas,Feux d'artifice saisonniers,Sant Francesc
22. Spittelberg Christmas Market,�v�nements culturels,Neubau
23. Infiorate di Spello,�v�nements culturels,
24. Winterpret en kerstmarkt,�v�nements culturels,
25. Mercatino di Natale,�v�nements culturels,
26. Philharmonie Luxembourg,Concerts � Symphonies,
27. Partita a Scacchi di Marostica a personaggi viventi,�v�nements culturels,
28. Glastonbury Festival,Festivals de musique,
29. Bolzano Christmas Market,�v�nements culturels,
30. Travelling Galaxy Exhibition,Mus�es sp�cialis�s � Expositions,Ouvert
,,
31. Budapest Advent and Christmas Fair,�v�nements culturels,Belv�ros-Lip�tv�ros
32. Gostiny Dvor,Sites historiques � Sentiers historiques,Tverskoy
33. La Cin�sc�nie,Feux d'artifice saisonniers,
34. Alba International White Truffle Fair,Festival gastronomique,
35. Art Box Experience,Expositions,Ouvert
36. Cannstatter Volksfest,Festival gastronomique,
37. Edinburgh International Events,Festivals de musique,Southside et Holyrood
38. F1 - British Grand Prix,Manifestations sportives,
39. The Harry Potter Photographic Exhibition,Mus�es sp�cialis�s � Expositions,Covent Garden
40. Sziget Festival,Festivals de musique,�buda-B�k�smegyer
41. RHS Chelsea Flower Show,�v�nements culturels,Chelsea
42. Bonner Weihnachtsmarkt,�v�nements culturels,
43. Dortmund Christmas Market,�v�nements culturels,
44. Download Rock Festival,Festivals de musique,
45. Festival delle Sagre di Asti,Festival gastronomique,Ouvert
46. 3+ arte,Boutiques de souvenirs & Magasins sp�cialis�s � Galeries d'art,Ouvert
47. Royal Ascot,Manifestations sportives,
48. Il Palio di Asti,Manifestations sportives � �v�nements culturels,
49. Baroque Christmas Market,�v�nements culturels,Ouvert
50. Natale di Roma,�v�nements culturels,Piazza Venezia/Vieille ville
51. Palais des Congres de Paris,Concerts � Centres de conventions,17e Arr. � Batignolles-Monceau
52. Wacken Open Air Festival,Festivals de musique,
53. RiminiFiera,Expositions,
54. Orange Battle,�v�nements culturels,
55. Paleo Festival Nyon,Festivals de musique,
56. Horizon of Khufu - Immersive Expedition,�v�nements culturels,Ouvert
57. La Tomatina,�v�nements culturels,
58. BMW Berlin Marathon,Manifestations sportives,Mitte (arr.)
59. King's Day,�v�nements culturels,Centrum
60. Awakenings Festival,Festivals de musique,
61. Graspop Metal Festival,Festivals de musique,
62. D�sseldorfer Rheinkirmes,�v�nements culturels,Oberkassel
63. Amsterdam Gay Pride,�v�nements culturels,Centrum
64. Rock Werchter,Festivals de musique,
65. Sun And Soul Cyprus Limited,Festivals de musique,
66. Orangerie Slot Zeist,Expositions,Ouvert
67. Cranger Kirmes,�v�nements culturels,Fermeture temporaire
68. Tonhalle Orchester Zurich,Th��tres � �v�nements culturels,Enge
69. Montreux Jazz Festival,Festivals de musique,
70. Bremer Freimarkt,�v�nements culturels,Bahnhofsvorstadt
71. Venice Biennale Festival,�v�nements culturels,Castello
72. 14 juillet - F�te Nationale,�v�nements culturels,8e Arr. � �lys�e
73. F1 - Austrian Grand Prix,Manifestations sportives,
74. Thunder in the Glens Rally,�v�nements culturels,
75. Moscow International Festival Circle of Light,�v�nements culturels,Tverskoy
76. Umbria Jazz,Festivals de musique,
77. Split Park Festival,Festival gastronomique,
78. NonFiction Photo,Expositions,Binnenstad-Zuid
79. Stuttgart Spring Festival,Festival gastronomique,
80. Lucca Comics & Games,�v�nements culturels,
81. Gentse Feesten,�v�nements culturels,
82. F1 - Spanish Grand Prix,Manifestations sportives,
83. Tutankhamun Exhibition,�v�nements culturels,Chelsea
84. Historic Regatta,�v�nements culturels,Santa Croce
85. Woodstock,Festivals de musique,
86. Foire d'automne de B�le,�v�nements culturels,
87. Exhibition Centre WeeGee,Expositions,Ouvert
88. Baccanalia,Festival gastronomique,
89. Festival des Lanternes,�v�nements culturels,
90. Roskilde Festival,Festivals de musique,
91. M�rbisch Lake Festival,Festivals de musique,
92. Laytown Races,Manifestations sportives,
93. Rome Marathon,Manifestations sportives,Tor Cervara
94. Franse Open,Manifestations sportives,Bois de Boulogne
95. Le Mans,Manifestations sportives,
96. Kieler Woche,�v�nements culturels,
97. Salzburg Festival,Festivals de musique,
98. Defqon.1 Festival,Festivals de musique,
99. Borgo del Merletto,�v�nements culturels,
100. BBC Earth Experience,Expositions,Ouvert
101. Hundested Sandskulptur Festival,�v�nements culturels,
102. Zwarte Cross,Festivals de musique,
103. The Real Flower Petal Confetti Company's Confetti Flower Field,�v�nements culturels,Ouvert
104. Henley Royal Regatta,Manifestations sportives,
105. Excel Activity Group Spain,Manifestations sportives,Ouvert
106. Carnaval de Nice,�v�nements culturels,
107. The Wild Swimming Co.,Manifestations sportives,Ouvert
108. Virgin Money London Marathon,Manifestations sportives,Greenwich
109. Le Marathon de Paris,Manifestations sportives,8e Arr. � �lys�e
110. Exhibition Hall the Bells of Russia,Mus�es sp�cialis�s � Mus�es des sciences,
111. Mostra Dali - La persistenza degli opposti,�v�nements culturels,
112. Sala61 Culture Lounge,�v�nements culturels,
113. Isle Of Wight Festival,Festivals de musique,
114. Street Parade Zurich,Festivals de musique,
115. Carnival in Cologne,�v�nements culturels,Altstadt-S�d
116. Munich Christmas Market,�v�nements culturels,
117. Tarragona Human Tower Competition,�v�nements culturels,
118. Blickachsen,Expositions,
119. Boot,Expositions,
120. Latitude Festival,Festivals de musique,
121. Creamfields,Festivals de musique,
122. Festival International Benicassim,Festivals de musique,
123. Pinkpop Festival,Festivals de musique,
124. F1 - Hungarian Grand Prix,Manifestations sportives,
125. London Notting Hill Carnival,�v�nements culturels,Notting Hill
126. Open Garden Squares Weekend,�v�nements culturels,Westminster
127. Aintree Grand National,Manifestations sportives,
128. Su e Giu,Manifestations sportives,
129. Sagra del Pesce,Festival gastronomique,
"130. Lumiere London 2018, 18-21 January, 17.30-22.30",�v�nements culturels,
131. Xanthi�s Old Town Festival,�v�nements culturels,
132. Mercatini di Natale,�v�nements culturels,
133. The Sussex Steam Rally,Expositions,
134. F1 - Belgian Grand Prix,Manifestations sportives,
135. The Point,Expositions,
136. Budapest Park,Festivals de musique,
137. Balaton Sound,Festivals de musique,
138. UK Games Expo Ltd,Expositions,Ouvert
139. Burghley Horse Trials,Manifestations sportives,
140. Flour Throwing Festival in Galaxidi,�v�nements culturels,
141. Lowlands Festival,Festivals de musique,
142. Canterbury Christmas Market,�v�nements culturels,
143. KaZantip Popovka,Festivals de musique,Ouvert
144. Reading Festival,Festivals de musique,
145. Athens and Epidaurus Festival,Festivals de musique,Thiss�o/Makriyianni
146. Calcio storico fiorentino,Manifestations sportives,Uffizi
147. Rijeka Carnival,�v�nements culturels,
148. White Turf St. Moritz,Manifestations sportives,
149. ATP World Tour Finals,Manifestations sportives,Greenwich
150. Copenhagen Jazz Festival,Festivals de musique,Indre�By (centre-ville)
151. Sagra de la Sardela,Festival gastronomique,
152. Skanderborg Music Festival,Festivals de musique,
153. Rototum Sunsplash,Festivals de musique,
154. Saint Ubaldo Day Gubbio,�v�nements culturels,
155. SyArt Sorrento Festival,�v�nements culturels,
156. The London Design Festival,Expositions,Trafalgar Square/Embankment
157. Berlin Global,Expositions � Mus�es d'histoire,Mitte (arr.)
158. Wianki Festival,Festivals de musique,
159. Bilbao BBK Live,Festivals de musique,
160. La Nuit du Petit Saint Jean - 23 Juin a Valreas - Enclave-Des-Papes,�v�nements culturels,
161. Mercatini Di Natale,�v�nements culturels,
162. The Barn,Th��tres � Expositions,
163. Pukkelpop,�v�nements culturels,
164. Festival des Vieilles Charrues,Festivals de musique,
165. Lewes Bonfire Night Celebrations,�v�nements culturels,
166. Mersmak I Skien AS,Festival gastronomique,
167. Saint Patrick's Festival in Dublin City,�v�nements culturels,
168. Oerol Festival,�v�nements culturels,
169. Villaggio della Birra,Festival gastronomique,Ouvert
170. N�rnberger Volksfest,�v�nements culturels,
171. Sagra del Peperone,Festival gastronomique,
172. MuMa-Forum,Expositions,Ouvert
173. Naturaleza Encendida Ra�ces,�v�nements culturels,
174. Open'er Festival,Festivals de musique,
175. F�te du Citron,�v�nements culturels,
176. G�ubodenvolksfest,�v�nements culturels,
177. d'Coque Centre National Sportif & Culturel,Manifestations sportives � Clubs plages & piscines,Ouvert
178. Salvador Dal� Exhibiton,Expositions,Ouvert
179. Sonar Festival,Festivals de musique,
180. Paaspop,Festivals de musique,
181. eZo Festival,Festivals de musique,
182. Light Up Trails,�v�nements culturels,
183. Floralien,�v�nements culturels � Expositions,
184. Carnaval Oilsjt,�v�nements culturels,
185. Mysteryland,Festivals de musique,
186. Embrunman,Manifestations sportives,
187. The Polar Express - Churney Valley Railway,�v�nements culturels,
188. Cercle Cit�,�v�nements culturels � Expositions,
189. #INGOYA,�v�nements culturels � Expositions,Fermeture temporaire
190. Patras Carnival,�v�nements culturels,
191. Galway Races,Manifestations sportives � �v�nements culturels,
192. North Sea Jazz Festival,Festivals de musique,
193. Cheltenham Festival,Manifestations sportives,
194. Silvester Gala Vienna,�v�nements culturels,Centre-ville
195. We Are FSTVL,Festivals de musique,
196. Fleadh Cheoil,Festivals de musique,
197. Welshpool 1940's Weekend,�v�nements culturels,
198. Hellfest,Festivals de musique,
199. Nashestvie,Festivals de musique,
200. Nokta Festival,�v�nements culturels,
201. Weeton Show,�v�nements culturels,
202. Lux Helsinki,�v�nements culturels,Vironniemi
203. Christmas At Bute Park,�v�nements culturels,
204. �mot,�v�nements culturels,
205. Paris Photo,Expositions,8e Arr. � �lys�e
206. Corso Zundert,�v�nements culturels,
207. Release Athens,Festivals de musique,
208. Arenal Sound Festival,Festivals de musique,
209. Chestertons Polo in the Park,Manifestations sportives,
210. Audioriver,Festivals de musique,
211. Rethymnon Apokries,�v�nements culturels,
212. Solidays,Festivals de musique,Bois de Boulogne
213. Bracknell Ale & Cider Festival,Festival gastronomique,
214. Tollwood Festival,Festivals de musique,
215. Thessaloniki International Fair,Expositions,Ouvert
216. Brixen Water Light Festival,�v�nements culturels,
217. East Midlands Steam & Country Show,Expositions,
218. Sagra della Tagliatella Fritta,Festival gastronomique,
219. Staromestske Namesti Christmas Market,�v�nements culturels,
220. Cabaret Voltaire,Cabarets � �v�nements culturels,Ouvert
221. Christmas Market at St. Stephen�s Square,�v�nements culturels,Centre-ville
222. Dance Valley,�v�nements culturels,
223. CHIO Aachen,Manifestations sportives,
224. Mercatini di Natale Rango,�v�nements culturels,
225. Maison du diable - Espace culturel Fondation Fellini,Mus�es sp�cialis�s � �v�nements culturels,
226. Gubbio e... Natale,�v�nements culturels,
227. Nantwich Food Festival,Festival gastronomique,
"228. Van Gogh Alive, Kensington Gardens, London",Expositions,Ouvert
229. Stade de la Maladi�re,Complexes sportifs � Manifestations sportives,
230. Distortion,Festivals de musique,Indre�By (centre-ville)
231. Les Miserables,�v�nements culturels,
232. Uitmarkt,�v�nements culturels,Centrum
233. Marksmen`s Fair Hannover,�v�nements culturels,Calenberger Neustadt
234. Station De Luges D'�t� � M�tabief,Manifestations sportives,
235. Donauinselfest,Festivals de musique,Donaustadt
236. Pori Jazz,Festivals de musique,
237. Womad UK,Festivals de musique,
238. Jardin �ph�m�re,�v�nements culturels,Ouvert
239. Advent in Zagreb,�v�nements culturels � Expositions,
240. ATAMAN Kozackie Imprezy,Concerts � �v�nements culturels,
241. Sceblasti Festival,Festival gastronomique,
242. Gent Festival,Festivals de musique,
243. Shepton Snowdrops,�v�nements culturels,
244. La Tartufata - Festival del Tartufo Nero Molisano,Festival gastronomique,
245. Eurock�ennes,Festivals de musique,
246. Copenhagen Half Marathon,Manifestations sportives,�sterbros
247. Ruisrock,Festivals de musique,
248. Fantasy Forest Festival,�v�nements culturels � Festivals de musique,
249. Festival Des Lumi�res C�lestes,�v�nements culturels,
250. New Years Eve Fireworks London,Feux d'artifice saisonniers,Trafalgar Square/Embankment
251. Jul i Vinterland,�v�nements culturels,Ouvert
252. The Mystery Of Banksy - A Genius Mind,Expositions,Ouvert
253. Silvesterchlausen,�v�nements culturels,
254. Epsom Derby,Manifestations sportives,
255. Celje,Manifestations sportives,
256. Bath Christmas Market,�v�nements culturels,
"257. Van Gogh Alive, Mediacity",Expositions,
258. Venice International Film Festival,�v�nements culturels,
259. Banksy:Genius Or Vandal ?,Expositions,Ouvert
260. Bridgwater Carnival,�v�nements culturels,
261. Twinwood Festival,Festivals de musique,
262. Pflasterspektakel,�v�nements culturels,
263. Burning of the B��gg,�v�nements culturels,Hochschulen
264. Barcelona International Comedy Festival,�v�nements culturels,El Poble Sec
265. Fusion Festival,Festivals de musique,
266. National Ploughing Championships,Expositions,
267. Amsterdam Dance Event,Festivals de musique,Centrum
268. Blue Balls Festival,Festivals de musique,
269. Cavalcade de Herve,�v�nements culturels,
270. JOYA Lifestore,Boutiques de souvenirs & Magasins sp�cialis�s � �v�nements culturels,
272. Presepe di Pentema,�v�nements culturels,Ouvert
273. Casa di Babbo Natale,�v�nements culturels,
274. Ebeltoft Fodboldgolf,Manifestations sportives,
275. Warsaw Rising Virtual Reality Exhibition - Kartka Z Powstania,Expositions,
276. Sagra del tartufo,Festival gastronomique,
277. Puck Fair,�v�nements culturels,
278. Savonlinna Opera Festival,�v�nements culturels,
279. Stars of the White Nights,�v�nements culturels,
280. Gayant,�v�nements culturels,
281. Lichterwelt Magdeburg,�v�nements culturels,
282. Marina Frapa,Marinas � Bars et clubs,
283. Scottish Open,Manifestations sportives,Vieille ville
284. Bestival,Festivals de musique,
285. Harry Potter: Die Ausstellung,Expositions,Fermeture temporaire
286. Serial Killer Exhibition,Expositions,
287. Namesti Miru Christmas Market,�v�nements culturels,Ouvert
288. Schlosslichtspiele,�v�nements culturels,Innenstadt-West
289. Centre Culturel Cor�en,�v�nements culturels,
"290. La nuit aux Invalides : Lut�ce, 3000 ans d'histoire",�v�nements culturels,Tour Eiffel/Invalides
291. Cranger Weihnachtszauber,�v�nements culturels,Ouvert
292. Gay Pride Festival,�v�nements culturels,Centro
293. Telekom Volt Festival,Festivals de musique,
294. Ottery Food And Families Festival,Festival gastronomique,
295. Harstad Kulturhus,�v�nements culturels,
296. Sagra della Castagna e del Fungo porcino di Roccamonfina,�v�nements culturels � Festival gastronomique,Ouvert
297. Kaustinen Folk Music Festival,Festivals de musique,
298. MANDELA: The Official Exhibition Berlin,Expositions,Charlottenbourg-Wilmersdorf (arr.)
299. Parcours des f�es,�v�nements culturels,Ouvert
300. Peperoncino Festival,Festival gastronomique,
,,
271. The Mystery Of Banksy - A Genius Mind,Mus�es sp�cialis�s � Expositions,Ouvert
303. Marche de Noel de Kaysersberg,�v�nements culturels,
"304. Nice, Baie des Lumi�res",�v�nements culturels,
305. Mysternya,�v�nements culturels,
"306. Vibrations, Cour D'honneur Du Palais Des Papes",�v�nements culturels,
307. GT Bicycles Malverns Classic Mountain Bike Festival,Manifestations sportives,Ouvert
308. Christmas Market Mainz,�v�nements culturels,
309. Paris Techno Parade,�v�nements culturels,Od�on
310. Sendaviva Horror Nights,�v�nements culturels,
311. CVT� Street Fest,�v�nements culturels,
312. Eastbourne International Airshow,�v�nements culturels,
313. Presepi Sull'acqua,�v�nements culturels,
314. Greenbelt Festival,�v�nements culturels � Festivals de musique,
315. Satisfied Eye International Film Festival,�v�nements culturels,
316. Camper Calling,Festivals de musique � Festival gastronomique,
317. Eds Countryfest,Festivals de musique,
318. Strathaven Balloon Festival,�v�nements culturels,
319. Winter Glow,�v�nements culturels,Ouvert
320. INmusic Festival,Festivals de musique,
321. Festa dell'Allegria,�v�nements culturels,
322. Glasgow Christmas Markets,�v�nements culturels,
323. Life Festival Oswiecim,Festivals de musique,
324. The New London Model,Expositions,Bloomsbury
325. Festival La Gacilly-baden Photo 2020,�v�nements culturels,Ouvert
326. Luminarie Larino - Magia di Luci,�v�nements culturels,Ouvert
327. Helsinki Festival,�v�nements culturels,Kampinmalmi
328. Parc M�di�val Le Bec De Corbin,�v�nements culturels,Fermeture temporaire
329. Pitlochry Highland Games,�v�nements culturels,
330. Assembly Festival Gardens,Festivals de musique,
331. Budapest Spring Festival,�v�nements culturels,Ter�zv�ros
332. The Black Market,Festival gastronomique,Ouvert
333. Film Festival,�v�nements culturels,Centre-ville
334. Loxwood Joust,�v�nements culturels,Ouvert
335. Vingsted Jernaldermilj�,�v�nements culturels,
336. Fiera di Sant'Orso,�v�nements culturels,
337. Sagra delle fettucine al tartufo Blera,Festival gastronomique,
338. Faversham Hop Festival,Festival gastronomique,
339. Cascamorras,�v�nements culturels,
340. Arctic Stories,�v�nements culturels,
341. The Viking Festival 25&26 June 2022,�v�nements culturels,Ouvert
342. Hampshire Wine School,Cours et ateliers � D�gustations de bi�res,
343. Ice Sculpture Gallery,Expositions,Ouvert
344. Moscow International Automobile Salon,Expositions,
345. La Nef - Relais Culturel de Wissembourg,Centres de conventions � �v�nements culturels,
346. Festa Del Redentore,�v�nements culturels,
347. Istanbul Historical Peninsula Model Exhibition,Expositions,Ouvert
348. Festa Del Torrone,�v�nements culturels,
349. Carnevale di Ronciglione,�v�nements culturels,
350. Dam tot Damloop,Manifestations sportives,Centrum
351. Southwell Music Festival,Festivals de musique,
352. Brussels Jazz Marathon,Festivals de musique,
353. Genius Immersive Experience,Expositions,Ouvert
354. Manchester United Supporters' Club Malta,Manifestations sportives � �v�nements culturels,
355. Mr Pumpkin,Festival gastronomique,
356. MCH Messecenter Herning,Manifestations sportives � Expositions,
357. Bucharest Christmas Market 2019,�v�nements culturels,
358. Festival de Wallonie,�v�nements culturels,
359. Infiorata,�v�nements culturels,
360. Eiswelten,�v�nements culturels,Ouvert
331. Budapest Spring Festival,�v�nements culturels,
362. Le Centre Ted Lewis,Mus�es sp�cialis�s � Expositions,Ouvert
363. Manchester International Festival,�v�nements culturels,
364. The Tar Barrels of St Mary,�v�nements culturels,
365. Lunden Horsens,�v�nements culturels � Festivals de musique,
366. Meninas Madrid Gallery,�v�nements culturels,
367. Rome International Film Festival,�v�nements culturels,Flaminio
368. And?l Christmas Market,�v�nements culturels,Ouvert
369. Up helly aa exhibition,Expositions,
370. Vienna Craft Beer Festival,�v�nements culturels,
371. International Watercolour Masters,Expositions,Ouvert
372. Antique Brick Exhibition Historic Foundation,Expositions,Ouvert
373. Paladozza,Manifestations sportives,Porto
374. M�nchner Christkindlmarkt,�v�nements culturels,
375. Festa dei Serpari,�v�nements culturels,
376. Hanse Sail Rostock,�v�nements culturels,
377. Lang Leve De Muziek,�v�nements culturels � Expositions,
378. Alm Advent,Festival gastronomique,Prater
379. Havenfeesten,�v�nements culturels,
380. Atelier D�gustation Immersif M�diavino,Festival gastronomique,Charonne
"381. Exhibition ""Expansion of Reality""",Expositions,
382. Cranbrook Apple Fair,�v�nements culturels,
"383. Exposition ""Jos�phine Baker, Un Destin Extraordinaire""",Expositions,Ouvert
384. Festa del Riso di Porto Tolle,Festival gastronomique,
385. Remparts Et Lumi�res,�v�nements culturels,
386. Rock in Rio Lisboa,Festivals de musique,
387. Estadio Municipal de Marbella,Manifestations sportives,
388. Athens Music Week,Festivals de musique,
389. Ring of Fire Ultra Marathon,Manifestations sportives,
390. A La Luz De Las Velas,�v�nements culturels,
361. Kingston Christmas Market,�v�nements culturels,
377. Lang Leve De Muziek,�v�nements culturels,
408. Waitrose Drinks Festival,Festival gastronomique,
409. Prazsky Hrad Christmas Market,�v�nements culturels,Ouvert
410. Festival La Gacilly Photo,�v�nements culturels,
411. La Ndocciata,�v�nements culturels,
412. Corso Vollenhove,�v�nements culturels,
413. Fete du Piment,Festival gastronomique,
414. Fiera dell'Artigianato artistico della Sardegna Mogoro,�v�nements culturels,Ouvert
415. Festival International De Jardins Hortillonnages Amiens,�v�nements culturels,
416. LA QUINTANA DI ASCOLI,�v�nements culturels,
417. March� de No�l � le Mans,�v�nements culturels,
418. Halloween Wijchmaal VZW,�v�nements culturels,
419. Havelske Trziste Christmas Market,�v�nements culturels,Ouvert
420. Sagra Il Gusto fa Festa,Festival gastronomique,
391. Infiorata Di Fucecchio,�v�nements culturels,
392. Wild Trails,Manifestations sportives,
393. Wintermarkt am Riesenradplatz,�v�nements culturels,Ouvert
394. Nottingham Christmas Market - Winter Wonderland,�v�nements culturels,
395. La Cit� Fertile,�v�nements culturels � Expositions,
396. Kinotavr Open Russian Film Festival,�v�nements culturels,
397. Boras Arena,Manifestations sportives,
398. St. Jakobshalle,Ar�nes & Stades � Manifestations sportives,
399. Tylovo Namesti Christmas Market,�v�nements culturels,Ouvert
400. Festa de Exaltaci�n do Pan de Cea,Festival gastronomique,
401. Kerstmarkt,�v�nements culturels,
402. 28th Budapest Wine Festival,�v�nements culturels,1er�arrondissement (Buda)
403. Mir Babochek Zhivykh,Expositions,
404. London's New Year's Eve,Feux d'artifice saisonniers,
405. Pyromusical,Feux d'artifice saisonniers,
406. Sanaia Forever Festival,Festivals de musique,
407. Sein�joki Tango Festival,�v�nements culturels,
408. Waitrose Drinks Festival,Festival gastronomique,
409. Prazsky Hrad Christmas Market,�v�nements culturels,Ouvert
410. Festival La Gacilly Photo,�v�nements culturels,
411. La Ndocciata,�v�nements culturels,
412. Corso Vollenhove,�v�nements culturels,
413. Fete du Piment,Festival gastronomique,
414. Fiera dell'Artigianato artistico della Sardegna Mogoro,�v�nements culturels,Ouvert
415. Festival International De Jardins Hortillonnages Amiens,�v�nements culturels,
416. LA QUINTANA DI ASCOLI,�v�nements culturels,
417. March� de No�l � le Mans,�v�nements culturels,
418. Halloween Wijchmaal VZW,�v�nements culturels,
419. Havelske Trziste Christmas Market,�v�nements culturels,Ouvert
420. Sagra Il Gusto fa Festa,Festival gastronomique,
,,
421. Team Game VIZOV,Jeux de logique � Lieux myst�rieux,Ouvert
422. March� de No�l,�v�nements culturels,
423. Whisky & Wizardry,Concerts � �v�nements culturels,Cowgate
424. Christmas Garden Koblenz,�v�nements culturels,
425. Mittelaltermarkt Auf Schloss Wilhelmsburg,�v�nements culturels,
426. ?ilipi Folklor,�v�nements culturels,
427. Carnevale di Larino,�v�nements culturels,Ouvert
428. Exposici� S.XV - Alma Cubrae,Expositions,Ouvert
429. Incendio del campanile di Caorle,�v�nements culturels,
430. Spasskaya Tower Festival,Festivals de musique,Tverskoy
431. Broadway Arts Festival,Expositions,
432. A Heart for Duns,�v�nements culturels,
433. Sandy Bottom Pumpkins PYO Festival,�v�nements culturels,Ouvert
434. I Muri Raccontano,Expositions,Ouvert
435. Kampa Island Christmas Market,�v�nements culturels,Ouvert
436. Kammeroper Schloss Rheinsberg,Festivals de musique,
437. Presepio Di Varena - Sulla Via Di Betlemme,Expositions,
438. Exposici�n G�nesis,Expositions,
439. Romatischer Weihnachtsmarkt Schloss Tussling,�v�nements culturels,
440. Aachener Weihnachtsmarkt,�v�nements culturels,
441. Carnevale di Sappada - Plodar Vosen�cht,�v�nements culturels,
442. Dvorets Kul'tury Zheleznodorozhnikov,�v�nements culturels,Ouvert
443. Giostra Cavalleresca,�v�nements culturels,
444. Cardiff Open Air Theatre Festival,�v�nements culturels,
445. Goldener Pforzheimer Weihnachtsmarkt,�v�nements culturels,
446. Capel Military Show,�v�nements culturels,
447. Lucine Di Natale,�v�nements culturels,
448. Zambomba Navidena,�v�nements culturels,
449. Santas Grotto By Illuminate Fx,Expositions,
450. Memorial Marco Domenico Verdigi,�v�nements culturels,Ouvert
421. Team Game VIZOV,Jeux de logique � Lieux myst�rieux,Ouvert
423. Whisky & Wizardry,Concerts � �v�nements culturels,Cowgate
424. Christmas Garden Koblenz,�v�nements culturels,
427. Carnevale di Larino,�v�nements culturels,Ouvert
428. Exposici� S.XV - Alma Cubrae,Expositions,Ouvert
440. Aachener Weihnachtsmarkt,�v�nements culturels,
446. Capel Military Show,�v�nements culturels,
448. Zambomba Navidena,�v�nements culturels,
449. Santas Grotto By Illuminate Fx,Expositions,
486. Christmas Garden Berlin,�v�nements culturels,Steglitz-Zehlendorf (arr.)
487. Dam tot Damloop,Manifestations sportives,Centrum
488. Film Festival,�v�nements culturels,Centre-ville
489. La Ndocciata,�v�nements culturels,
490. Ocean Of Air,�v�nements culturels � Expositions,Chelsea
491. Amor Boat Parties,�v�nements culturels,Westminster
492. London Halal Food Festival,Festival gastronomique,Holborn
493. Taste of London,Festival gastronomique,
494. Cavalcata dell'Assunta,�v�nements culturels,
495. The Moscow Fish Week Festival,Festival gastronomique,�tangs des Patriarches
496. Festival de Las Naciones,Expositions,
497. Christmas Market at St. Stephen�s Square,�v�nements culturels,Centre-ville
498. Dok Amsterdam,�v�nements culturels � Festivals de musique,Watergraafsmeer
499. F1 - Spanish Grand Prix,Manifestations sportives,
500. Wiener Wiesn Fest - Oktoberfest,Festival gastronomique,Prater
501. Weihnachtsmarkt Schloss Charlottenburg,�v�nements culturels,Charlottenbourg-Wilmersdorf (arr.)
502. LA QUINTANA DI ASCOLI,�v�nements culturels,
503. Weihnachtsmarkt,�v�nements culturels,
504. 28th Budapest Wine Festival,�v�nements culturels,1er�arrondissement (Buda)
505. Umweltweihnachtsmarkt,�v�nements culturels,Mitte (arr.)
506. Moscow International Automobile Salon,Expositions,
507. Artissima,Expositions,Centro
508. Brussels Jazz Marathon,Festivals de musique,
509. Edes Napok Csokolade- Es Edessegunnep,Festival gastronomique,Belv�ros-Lip�tv�ros
510. Historischer Weihnachtsmarkt,�v�nements culturels,Friedrichshain
481. London's New Year's Eve,Feux d'artifice saisonniers,
482. Zari Gallery,Galeries d'art � Expositions,Bois de Boulogne
513. Espacio Fandome,�v�nements culturels � Expositions,Barrio de Salamanca
514. Rome International Film Festival,�v�nements culturels,Flaminio
515. Spasskaya Tower Festival,Festivals de musique,Tverskoy
516. Gay Pride Festival,�v�nements culturels,Centro
517. Skoda J��hall,Manifestations sportives,�ism�e
518. Stars of the White Nights,�v�nements culturels,
519. Calendario dell'Avvento di Emanuele Luzzati,�v�nements culturels,
520. Barcelona Beach Festival,Festivals de musique,F�rum
521. Primavera Sound Barcelona,Festivals de musique,Diagonal Mar
522. Solidays,Festivals de musique,Bois de Boulogne
523. Paris Techno Parade,�v�nements culturels,Od�on
524. Nuit Blanche,�v�nements culturels,8e Arr. � �lys�e
525. Meninas Madrid Gallery,�v�nements culturels,
526. Festival Rock en Seine,Festivals de musique,
527. Sonar Festival,Festivals de musique,
528. Art Paris Art Fair,�v�nements culturels,8e Arr. � �lys�e
529. Barcelona International Comedy Festival,�v�nements culturels,El Poble Sec
530. Citta Dei Robot,Expositions,
"531. La nuit aux Invalides : Lut�ce, 3000 ans d'histoire",�v�nements culturels,Tour Eiffel/Invalides
532. EDIT,�v�nements culturels � Expositions,Porta Garibaldi
533. Hampshire Wine School,Cours et ateliers � D�gustations de bi�res,
534. Jurassic World: The Exhibition,Expositions,Ouvert
535. Horizon of Khufu - Immersive Expedition,�v�nements culturels,Ouvert
536. 3+ arte,Boutiques de souvenirs & Magasins sp�cialis�s � Galeries d'art,Ouvert
537. The Harry Potter Photographic Exhibition,Mus�es sp�cialis�s � Expositions,Covent Garden
538. Art Box Experience,Expositions,Ouvert
539. Christmas World,�v�nements culturels,Ouvert
540. Travelling Galaxy Exhibition,Mus�es sp�cialis�s � Expositions,Ouvert
,,
511. Paris Photo,Expositions,8e Arr. � �lys�e
512. Franse Open,Manifestations sportives,Bois de Boulogne
516. Gay Pride Festival,�v�nements culturels,Centro
525. Meninas Madrid Gallery,�v�nements culturels,
527. Sonar Festival,Festivals de musique,
529. Barcelona International Comedy Festival,�v�nements culturels,El Poble Sec
515. Spasskaya Tower Festival,Festivals de musique,Tverskoy
682. Mittelaltermarkt Auf Schloss Wilhelmsburg,�v�nements culturels,
683. Capel Military Show,�v�nements culturels,
684. Cultural Center Lion and Cherry,�v�nements culturels,
685. Ring of Fire Ultra Marathon,Manifestations sportives,
686. Wenzelsmarkt,�v�nements culturels � Festivals de musique,
687. Inverness Highland Games,�v�nements culturels,
688. Weinfest Chemnitz,Festival gastronomique,Ouvert
689. Les Sentiers de la Photo,Expositions,
690. Casona de los Condes de Luna,Expositions,
691. BBC Earth Experience,Expositions,Ouvert
692. F�te de l'Humanit�,Festivals de musique,Ouvert
693. La Villette- Espace Chapiteaux,Expositions,
694. I Carrera Solidaria Alfonso X el Sabio 2023,Manifestations sportives,
695. Newbury Real Ale Festival,Festival gastronomique,
696. ?ilipi Folklor,�v�nements culturels,
697. Le Festival De Th��tre De Rue D�Aurillac,�v�nements culturels,
698. Mind On Fire Festival,Festivals de musique,
699. Festa del Lampone e del Mirtillo,Festival gastronomique,
700. Europa Expo,Expositions,
701. Cheshire Balloon Fiesta,Festivals de musique,
702. Magna Graecia Film Festival,�v�nements culturels,
703. Artiestenparcours Molenbeek Maritieme Wijk,Expositions,
704. The Moon Festival,Festivals de musique,
705. Transhumance Festival in Argenti�re,�v�nements culturels,
706. Immling Festival,Festivals de musique,
707. Ans-les-Bains : Les Coteaux en F�te,Festivals de musique,Ouvert
708. Les L�gendes D'Autrefois,�v�nements culturels,
709. Savour Food Festival,Festival gastronomique,
710. Carrera del Siscar,Manifestations sportives,
711. Mi?dzynarodowe Targi Pozna?skie,Festivals de musique,
712. Eutiner Festspiele,Concerts � Op�ras,
713. Carrera Popular de Guadalupe,Manifestations sportives,
714. La Notte delle Streghe,�v�nements culturels,
715. Llandudno Transport Festival,�v�nements culturels,
716. Tramlines,Festivals de musique,
717. Carrera Nocturna Alquerias,Manifestations sportives,
718. Uskonbury Summer Music Festival,Festivals de musique,
719. Peloponnese Beer Festival,Festival gastronomique,
720. Palazzo Tiglio,Galeries d'art � Expositions,
691. BBC Earth Experience,Expositions,Ouvert
696. ?ilipi Folklor,�v�nements culturels,
700. Europa Expo,Expositions,
707. Ans-les-Bains : Les Coteaux en F�te,Festivals de musique,Ouvert
748. Ogr�d ?wiate? (Garden of Lights),�v�nements culturels,
749. The Game Fair,�v�nements culturels,Ouvert
750. Pinewood Festival,�v�nements culturels,
751. Ateneo Riojano,�v�nements culturels,
752. 3g Hub,�v�nements culturels,Ouvert
753. La Corsa di Miguel,Manifestations sportives,
754. Worldfestival Parade Brunssum,�v�nements culturels,
755. Festa delle Farchie,�v�nements culturels,
756. Chester Christmas Market,�v�nements culturels,
757. Westand Kultur- Und Eventzentrum,�v�nements culturels,
758. Weihnachts- & Neujahrsmarkt Speyer,�v�nements culturels,
759. Zwei graue Doppelspiegel f�r ein Pendel,Expositions,Ouvert
760. Belenes De Navidad,�v�nements culturels,
761. Casa di Babbo Natale a Catania,�v�nements culturels,
762. Campus Weihnachtsmarkt,�v�nements culturels,Ouvert
763. Fronton Labrit Pilotalekua,Manifestations sportives,
764. Stanley Arts,�v�nements culturels,
765. Telemark Airshow,�v�nements culturels,
766. Giornate Del Cinema Muto Di Pordenone - Pordenone Silent Film Festival,�v�nements culturels,
767. Festa del Libro con gli Autori - Pordenonelegge,�v�nements culturels,
768. Rhyl Air Show,Manifestations sportives,
769. B�thune R�tro,�v�nements culturels,
770. Perevit - Tarusa Embroidery,Expositions,
771. Festa Della Municeddha,Festival gastronomique,
772. Le Repaire Urbain,Expositions,
773. Festa dei Gumbi,Festival gastronomique,
774. Humorfestival Bernried 2022,�v�nements culturels,
775. The Art Of The Brick,Expositions,
776. Thierry Daudier De Cassini - Op�ra Astronomica,Galeries d'art � Expositions,
777. ADM Concept,Manifestations sportives,
778. Armata,�v�nements culturels � Feux d'artifice saisonniers,
779. Sentralen,�v�nements culturels,Ouvert
780. English Riviera Bike Night,�v�nements culturels,
781. Yorkshire Feastival,Festival gastronomique,Ouvert
782. Mercatini Di Natale,�v�nements culturels � March�s aux puces & March�s de rue,
783. Mercado Medieval de Melilla,Monuments & Points d'int�r�t � �v�nements culturels,
784. S�nger- Und Kaufmannsmuseum Finsterwalde,Expositions,
785. Exposition de la Grande Tapisserie de Port-Vendres,Expositions,Ouvert
786. Hartmannplatz Volksfestgel�nde,�v�nements culturels,Ouvert
787. Anton�s Oldtimer,Expositions,
788. Nostalgiewelt Posch,Expositions,
789. Run & Brunch,Manifestations sportives,
790. Mega Race Sierra De Alcaraz,Manifestations sportives,
791. Kelmarsh Show,�v�nements culturels,
792. Media Marat�n De Archena,Manifestations sportives,
793. Liverpool Beer Festival,�v�nements culturels,Ouvert
794. War on Screen - Festival International de Cin�ma,�v�nements culturels,
795. Millport Country Music Festival,Festivals de musique,
796. Mauchline Holy Fair,�v�nements culturels,
797. Marymass Festival,Festival gastronomique,
798. Festival Des Lanternes,�v�nements culturels,
799. Mitja Marat� Internacional Vila de Santa Pola,Manifestations sportives,
800. Media Marat�n Ciudad De Cieza,Manifestations sportives,
801. Weihnachten im Tierpark,�v�nements culturels,
802. The Lastovo Carnival,�v�nements culturels,
803. Dante Per Tutti,�v�nements culturels,
804. La Galerie Des Cristaux � Montenvers,Expositions,
805. Feria De La Miel,�v�nements culturels,
806. Halloween Farm,�v�nements culturels,Ouvert
807. ?ladami Jezusa,Expositions,Ouvert
808. Newbury Spring Festival,Festivals de musique,
809. Cozfest,Festivals de musique,
810. Festa dei Banderesi,�v�nements culturels,
,,
781. Yorkshire Feastival,Festival gastronomique,Ouvert
782. Mercatini Di Natale,�v�nements culturels � March�s aux puces & March�s de rue,
783. Mercado Medieval de Melilla,Monuments & Points d'int�r�t � �v�nements culturels,
784. S�nger- Und Kaufmannsmuseum Finsterwalde,Expositions,
785. Exposition de la Grande Tapisserie de Port-Vendres,Expositions,Ouvert
786. Hartmannplatz Volksfestgel�nde,�v�nements culturels,Ouvert
787. Anton�s Oldtimer,Expositions,
788. Nostalgiewelt Posch,Expositions,
789. Run & Brunch,Manifestations sportives,
790. Mega Race Sierra De Alcaraz,Manifestations sportives,
791. Kelmarsh Show,�v�nements culturels,
792. Media Marat�n De Archena,Manifestations sportives,
793. Liverpool Beer Festival,�v�nements culturels,Ouvert
794. War on Screen - Festival International de Cin�ma,�v�nements culturels,
795. Millport Country Music Festival,Festivals de musique,
796. Mauchline Holy Fair,�v�nements culturels,
797. Marymass Festival,Festival gastronomique,
798. Festival Des Lanternes,�v�nements culturels,
799. Mitja Marat� Internacional Vila de Santa Pola,Manifestations sportives,
800. Media Marat�n Ciudad De Cieza,Manifestations sportives,
801. Weihnachten im Tierpark,�v�nements culturels,
802. The Lastovo Carnival,�v�nements culturels,
803. Dante Per Tutti,�v�nements culturels,
804. La Galerie Des Cristaux � Montenvers,Expositions,
805. Feria De La Miel,�v�nements culturels,
806. Halloween Farm,�v�nements culturels,Ouvert
807. ?ladami Jezusa,Expositions,Ouvert
808. Newbury Spring Festival,Festivals de musique,
809. Cozfest,Festivals de musique,
810. Festa dei Banderesi,�v�nements culturels,
,,
792. Media Marat�n De Archena,Manifestations sportives,
793. Liverpool Beer Festival,�v�nements culturels,Ouvert
794. War on Screen - Festival International de Cin�ma,�v�nements culturels,
795. Millport Country Music Festival,Festivals de musique,
796. Mauchline Holy Fair,�v�nements culturels,
797. Marymass Festival,Festival gastronomique,
798. Festival Des Lanternes,�v�nements culturels,
799. Mitja Marat� Internacional Vila de Santa Pola,Manifestations sportives,
801. Weihnachten im Tierpark,�v�nements culturels,
804. La Galerie Des Cristaux � Montenvers,Expositions,
805. Feria De La Miel,�v�nements culturels,
806. Halloween Farm,�v�nements culturels,Ouvert
807. ?ladami Jezusa,Expositions,Ouvert
814. Figurentheater - Museum Eckernf�rde - Ralf Rahier,Mus�es sp�cialis�s � Expositions,
815. Haddenham scarecrow festival,�v�nements culturels,
816. Ballooning Festival Heaven fair,Manifestations sportives,
817. Petersburg photo chronicle,�v�nements culturels � Expositions,Perspective Nevski
818. Settimana Santa,�v�nements culturels,
819. Festival international du Cirque du Val d'Oise,�v�nements culturels � Th��tres et spectacles,
820. Salzburger Familienpark,�v�nements culturels,Ouvert
821. Golden Autumn Festival,�v�nements culturels,Maryino
822. Semana cervantina,�v�nements culturels,
823. Festa Del Borgo di San Giovanni di Stella Cilento,�v�nements culturels,
824. March� Aux Santons Marseille,Boutiques de souvenirs & Magasins sp�cialis�s � �v�nements culturels,
825. Oulun kaupunginteatteri,Concerts � �v�nements culturels,
826. Les Domaines Viticoles � V�lo �lectrique,Manifestations sportives,
827. World Bodypainting Festival,�v�nements culturels,
828. Exhibition Hall at the Vladimir Cathedral,Expositions,Ouvert
829. Codru Festival,Festivals de musique,
830. Festa do Pulpo,Festival gastronomique,
831. Gugulan Rock,Festivals de musique,
832. Rock La Mures,Festivals de musique,
833. Bayerische Landesgartenschau Freyung 2023,�v�nements culturels,
"834. ""Wings of Parma"" - Aviation Festival",Manifestations sportives � �v�nements culturels,
835. KultStrand,�v�nements culturels,
836. Bex & Arts,Expositions,Ouvert
837. JAZZx Festival,Festivals de musique,
"838. Fresque "" Soutien aux Populations d'Ukraine "" par C215",Expositions,
839. Caramulo Experience,Expositions,
840. Palais des Congr�s & des Expositions Jacques Chirac,Centres de conventions � Expositions,
,,
841. Le Nid de Poule - La Basse-Cour,�v�nements culturels,Griffon - Royale
842. TESZT - Euroregional Theatre Festival in Timisoara,�v�nements culturels,
843. Late Night Shop Friendly Elegant,Festival gastronomique,Ouvert
844. Kunstausstellung ANTOINETTE Gesichter der Europa,Expositions,Neubau
845. Festival Equestria,�v�nements culturels,
846. Carnaval Internacional Puerto De La Cruz,�v�nements culturels,
847. Leicester Square Christmas Market,�v�nements culturels,
848. https://www.goldenchristmas.cat/,�v�nements culturels,Ouvert
849. Natale A Pordenone - Mercatino Di Natale,�v�nements culturels,
850. Sighi?oara Tales,Expositions,
851. Sacile � Natale nel Cuore - Mercatini di Natale,�v�nements culturels,
852. Sternschnuppenmarkt,�v�nements culturels,Ouvert
853. Weihnachtsmarkt In Duisburg Auf Der K�nig Stra�e.,�v�nements culturels,
854. millenaria fiera del bestiame,�v�nements culturels,
855. Sagra Di San Giacomo Di Canevale,�v�nements culturels,
856. Festa Madonna dell'Udienza,�v�nements culturels,
857. Festival of Food & Drink,Festival gastronomique,
858. Victorious Festival,Festivals de musique,
859. Palio dei Normanni,�v�nements culturels,
860. Suikerrock,Festivals de musique,
861. Westfriese Folklore Schagen,�v�nements culturels,
862. Scandinavian Ice Adventure,�v�nements culturels,Ouvert
863. Brafa Art Fair,Expositions,
864. Festa Degli Asparagi,�v�nements culturels,
865. Mercatino Di Natale Di Asti,�v�nements culturels,
866. Fondazione Alda Fendi - Esperimenti,Expositions,
867. Feria Medieval De El �lamo,�v�nements culturels,
868. La Route des Cr�ches,�v�nements culturels,
869. The Holy Week Semana Santa Cacere�a,�v�nements culturels,
870. Rievocazione storica della battaglia tra Turchi e Cristiani,�v�nements culturels,
841. Le Nid de Poule - La Basse-Cour,�v�nements culturels,Griffon - Royale
842. TESZT - Euroregional Theatre Festival in Timisoara,�v�nements culturels,
843. Late Night Shop Friendly Elegant,Festival gastronomique,Ouvert
874. Feste di settembre,�v�nements culturels,
875. Festa religiosa dei Talami,�v�nements culturels,
876. Liverpool Christmas Market,�v�nements culturels,Ouvert
877. Stadthalle Saalbau Neustadt,�v�nements culturels,
878. Malatya Sanat Soka??,�v�nements culturels � Expositions,
879. Great Beers - Small Breweries,Festival gastronomique,Vironniemi
880. Photocity,Expositions,
881. Oasi Di Bellezza,Expositions,
882. Back In Time Exhibition,Expositions,
883. Centre des Arts,�v�nements culturels � Expositions,
884. Van Gogh Alive,Expositions,
885. Malerische Mainschleife,Expositions,Ouvert
886. A.S.D. Stralevanto 2000,Manifestations sportives,
887. Festa di Santa Domenica,�v�nements culturels,
888. Romics,�v�nements culturels,
889. Rockstadt Extreme Fest,Festivals de musique,
890. Festa della Pasta,Festival gastronomique,
891. Cheshire Game and Country Fair,�v�nements culturels,
892. G�vlebocken,�v�nements culturels,Ouvert
893. West Side Christmas Market,�v�nements culturels,Ouvert
894. T�rgul de Cr?ciun Bucure?ti,�v�nements culturels,Ouvert
895. ?wiat W Budowie,Expositions,Ouvert
896. Carnevale d'Abruzzo,�v�nements culturels,
897. Certame della Balestra,�v�nements culturels,
898. Rievocazione storica del Mastrogiurato,�v�nements culturels,
899. Carnaval de Chalon Sur Saone,�v�nements culturels,
900. K�RPERWELTEN � Am Puls der Zeit,Expositions,Ouvert
871. Notte Rose,�v�nements culturels,
872. Scarecrow Festival,�v�nements culturels,
873. Festa del Borgo Rurale,�v�nements culturels,
876. Liverpool Christmas Market,�v�nements culturels,Ouvert
878. Malatya Sanat Soka??,�v�nements culturels � Expositions,
880. Photocity,Expositions,
881. Oasi Di Bellezza,Expositions,
882. Back In Time Exhibition,Expositions,
883. Centre des Arts,�v�nements culturels � Expositions,
884. Van Gogh Alive,Expositions,
885. Malerische Mainschleife,Expositions,Ouvert
887. Festa di Santa Domenica,�v�nements culturels,
888. Romics,�v�nements culturels,
931. Festa internazionale degli Gnomi,�v�nements culturels,
932. Winter Funland,�v�nements culturels,
933. Rochester Christmas Market,�v�nements culturels,
934. Edinburgh Foodies Festival,Festival gastronomique,
935. Largs Viking Festival,Festival gastronomique,
936. Mmmh Festival,Festival gastronomique,Ouvert
937. Royal,Expositions,
"938. Van Gogh Alive, Edinburgh",Expositions,
939. Marmande En F�te,�v�nements culturels,8e Arr. � �lys�e
940. Iboga Summer Fest,Festivals de musique,
941. Unknown Mologa - Russian Atlantis,Expositions,Ouvert
942. Bustofolk Festival Interceltico,�v�nements culturels,
943. Mondial De L'Auto,Expositions,
944. Vegan Planet Wien,Expositions,
945. Open Ciudad De Valencia,Manifestations sportives,
946. Weihnachtsmarkt,�v�nements culturels,
947. Sheffield Christmas Markets,�v�nements culturels,
948. March� de No�l Notre Dame de Paris,�v�nements culturels,Ouvert
949. Christmas In The Park,Festival gastronomique,
950. The Christmas Factory,�v�nements culturels,Ouvert
951. The Llandudno Victorian Extravaganza,�v�nements culturels,
952. Welcome to Socotra - Festival estivo,�v�nements culturels,Porta Garibaldi
953. Brandenburgische Sommerkonzerte,Festivals de musique,
954. Lizza Summer Festival,Festivals de musique,
955. theWHISKYday,Festival gastronomique,Barona
956. Devialet Op�ra,Expositions,
957. Rhs Malvern Spring Festival,�v�nements culturels,
958. Van Gogh: The Immersive Experience,Expositions,
959. Flamborough Fire Festival,�v�nements culturels � Festival gastronomique,
960. Leigh Folk Festival,Festivals de musique,
,,
961. Ruhr In Love,Festivals de musique,
962. BBC Good Food Festival at Goodwood,Festival gastronomique,Ouvert
963. Harry Potter L'Exposition,Expositions,
964. Landesgartenschau Fulda 2.023,Expositions,Ouvert
965. Gurtenfestival,Festivals de musique,
966. Titanic: The Exhibition,Expositions,
967. Le March� Du Petit Sorcier,�v�nements culturels,Ouvert
968. Van Gogh: The Immersive Experience - Milan,�v�nements culturels,
969. Arena Park,Expositions,
970. Mad Cool Festival 2023,Festivals de musique,
971. Northampton Saints,Manifestations sportives,
972. Rock im Park,Festivals de musique,
973. Lollapalooza Paris,Festivals de musique,
974. The Game Fair,Stands de tir � Camping et randonn�e,Ouvert
975. Brighton Christmas Festival,Festival gastronomique,
976. La Feria de Almeria,Festival gastronomique,
977. Literaturhaus M�nchen,Expositions,
978. Festival Musilac,Festivals de musique,
979. Jam Capsule,Expositions,
980. Van Gogh Dublin - An Immersive Journey,Expositions,Ouvert
981. Jurassic Turtles,Expositions,Ouvert
982. Saga Festival,Festivals de musique,
"983. Yumping Adventure, S.L.",Manifestations sportives,Las Tablas
984. Festa Dell'Uva - Caluso,�v�nements culturels,
985. Gallinelle,Galeries d'art � �v�nements culturels,
986. Preston Music Festival,Festivals de musique,
987. International Book Festival Budapest,Expositions,
988. Crete Half Marathon,Manifestations sportives,
989. Atelier Art Du Port,Expositions,
990. Wickford Memorial Parkrun,Manifestations sportives,
,,
991. Gaudepark,�v�nements culturels,
992. Wild Immersion // Parc Phoenix,Expositions,Ouvert
993. Alzeyer Weihnachtsmarkt,�v�nements culturels,
994. Food Truck Festival,Festival gastronomique,
995. Sonic Ray,Expositions,
996. Crete Half Marathon,Manifestations sportives,
997. Associazione Internazionale dell'Operetta,�v�nements culturels � Th��tres et spectacles,
998. Lisztzentrum Raiding,�v�nements culturels,
999. Romer�a De La Virgen De La Cabeza,�v�nements culturels,
1000. Maison de l'Am�rique Latine,�v�nements culturels,
1001. Mostra Internazionale Del Nuovo Cinema Di Pesaro,�v�nements culturels,
1002. Vittorio Veneto Film Festival,�v�nements culturels,
1003. Islington Festival Of Music And Art,Festivals de musique,
1004. Palio Di Parma,�v�nements culturels,
1005. Festival - Luhovan� Vincent,�v�nements culturels,
1006. Footgolf Parc du Lac du Der,Manifestations sportives,Ouvert
1007. Festival � l'Ombre des mots,�v�nements culturels,
1008. Festa della Zucca,Festival gastronomique,
1009. Cafe Plexat,Festivals de musique,
1010. Championnat de France de 10 Km,Manifestations sportives,
1011. Semana Nautica de Melilla,�v�nements culturels,
1012. Summerfestival,Festivals de musique,
1013. 90 Festival,Festivals de musique,
1014. Mandrea Music Festival,Festivals de musique,
1015. Summerstage Basel,Festivals de musique,
1016. Florence Biennale Contemporary Art Exhibitions,Expositions,
1017. Novello In Festa,Festival gastronomique,
1018. Landsberger Christkindlmarkt,�v�nements culturels,
1019. Burg Stargard Initiative,�v�nements culturels,
1020. Padova Marathon,Manifestations sportives,
1021. WaterMuzeFestival,Festivals de musique,
1022. Corteo Storico E Corsa Del Carro,�v�nements culturels,
1023. Scoil Acla,Cours et ateliers � Festivals de musique,
1024. Balaton LEGO Ki�ll�t�s - Exhibition,Expositions,Ouvert
1025. Holloko Easter Festival,Festivals de musique,
1026. Foire A La Paperasse De Givors,�v�nements culturels,
1027. Ritter Recken Heldenspiele,�v�nements culturels,
1028. Skulpturengarten Gerolstein,Expositions,Ouvert
1029. The Giant Experience,Expositions,Ouvert
1030. Art Exhibition: Home: An Exploration Of Meaning,Expositions,
1031. Ballantrae Festival of Food & Drink,Festival gastronomique,
1032. Britain's Biggest Model Railway,Expositions,
1033. Sagra del Convento,�v�nements culturels,
1034. Haarboellehuset,�v�nements culturels,
1035. Palais des Congres,�v�nements culturels � Expositions,
1036. La Nave,�v�nements culturels � Expositions,
1037. Goethe Institut,�v�nements culturels,
1038. Lokalt - the sustainable experience,Boutiques de souvenirs & Magasins sp�cialis�s � Cours et ateliers,
1039. Ringe Bio,�v�nements culturels,
1040. Ferrara Sotto Le Stelle,�v�nements culturels,
1041. Iseo Jazz,�v�nements culturels,
1042. Palio Dei Rioni Di Lodi,�v�nements culturels,
1043. Palio Remiero Del Lario,Manifestations sportives,
1044. Travel Connection Ltd,Manifestations sportives,
1045. Travel Connection Ltd,Manifestations sportives,
1046. Procession De La Sainte-Barbe - Les Feux De La Sainte Barbe,�v�nements culturels,
1047. The Victoria Hall,�v�nements culturels,
1048. La Festa  Sul Ponte  del Piovego,�v�nements culturels,
1049. Treviso Suona Jazz Festival,�v�nements culturels,
1050. Corpus Christi De X�tiva,�v�nements culturels,
1029. The Giant Experience,Expositions,Ouvert
1034. Haarboellehuset,�v�nements culturels,
1035. Palais des Congres,�v�nements culturels � Expositions,
1038. Lokalt - the sustainable experience,Boutiques de souvenirs & Magasins sp�cialis�s � Cours et ateliers,
1021. WaterMuzeFestival,Festivals de musique,
1023. Scoil Acla,Cours et ateliers � Festivals de musique,
1051. Festival International Du Film Politique,�v�nements culturels,
1052. Le Grand Village De Saint-nicolas,�v�nements culturels,Ouvert
1053. Forssan Mykk�elokuvafestivaalit,�v�nements culturels,
1054. Sichtweisen Classical Music Festival,Festivals de musique,
1055. Su e Zo Per I Ponti Di Venezia,Manifestations sportives,
1056. Festa Della Sensa,�v�nements culturels,
1057. Norden - The Nordic Arts Festival,�v�nements culturels,
1058. Museu d'Art del Bolet,Expositions � Mus�es d'art,
1059. Festival International du Cirque de Massy,�v�nements culturels,
1060. Viennacontemporary,�v�nements culturels � Expositions,
1061. Mosart-Spilimbergo Mosaic Art Festival,�v�nements culturels,
1062. Christmas Wonderland UK,�v�nements culturels,
1063. Levende Kersttocht America,�v�nements culturels,
1064. Media Marat�n Ciudad De Cieza,Manifestations sportives,
1065. Russian Tech Week,�v�nements culturels,
1066. Ellesmere Carnival,�v�nements culturels,
1067. Musikfest ION,Festivals de musique,
1068. F�te Du Livre Jeunesse De Villeurbanne,�v�nements culturels,
1069. Gonet Geneva Open,Manifestations sportives,
1070. L�ngholmen Swimrun,Manifestations sportives,
1071. Prague Intl Art Exhibition At Prague Unitaria,Expositions,
1072. H.C. Andersen Festivals,�v�nements culturels,
1073. Weinsalon Nat�rel - Die Naturweinmesse Deutschlands,Festival gastronomique,Ouvert
1074. Casanovsk� Slavnosti,�v�nements culturels,
1075. Social Melting Pot,�v�nements culturels,
1076. Palio Dei 10 Comuni Del Montagnanese,�v�nements culturels,
1077. Vocatium Krefeld,Expositions,
1078. Capitaleventi Srl,�v�nements culturels,
1079. The Workout Club Ibiza,Manifestations sportives,Ouvert
1080. F�tes Napol�on III � Vichy,�v�nements culturels,
1098. Lumagica St Albans,Expositions,
1099. Redditch United Football Club,Manifestations sportives,Ouvert
1100. Szko?a muzyczna TONY podstawy d?wi?k�w,Festivals de musique,
1101. Podere degli Olmi,�v�nements culturels,
1102. Festa Delle Salvie E Del Giardino,�v�nements culturels,
1103. LEbertiGO,Expositions,Ouvert
1104. �oka?ko Sijelo,�v�nements culturels,Ouvert
1105. Monet2klimt Multimedia Exhibition,Expositions,
1106. Christmas Garden Leipzig,�v�nements culturels,
1107. Christmas Garden Hannover,�v�nements culturels,
1108. Oldtimerfarm,Expositions,
1109. Centre de Formation OGC Nice,Manifestations sportives,
1110. Coopera Village,�v�nements culturels,Ouvert
1081. Foire M�di�vale De Souvigny,�v�nements culturels,
1082. Lago Film Fest - International Independent Film Festival,�v�nements culturels,
1083. Desmontegada De Le Vache,�v�nements culturels,
1084. Literary Heights Festival,�v�nements culturels,
1085. Great Yarmouth Arts Festival,Festivals de musique,
1086. Parc des Expositions du Charolais,Expositions,
1087. Mont-de-Pi�t�,Expositions,
1088. L'Ekonature,�v�nements culturels,
1089. Mercatino Di Natale Di Trieste,�v�nements culturels,
1090. Gathenhielmska Huset,�v�nements culturels,
1091. Mir Babochek Zhivykh,Expositions,
1092. Mendi Film Festival,�v�nements culturels,
1093. Christmas Garden Dresden,�v�nements culturels,
1094. KIKK Festival,�v�nements culturels,Ouvert
1095. Skateacademy Hamburg,Manifestations sportives,
1096. Christmas Garden Hamburg,�v�nements culturels,
1097. Maasmechelen Cultural Center,Expositions,
1093. Christmas Garden Dresden,�v�nements culturels,
1098. Lumagica St Albans,Expositions,
1100. Szko?a muzyczna TONY podstawy d?wi?k�w,Festivals de musique,
1107. Christmas Garden Hannover,�v�nements culturels,
1108. Oldtimerfarm,Expositions,
1110. Coopera Village,�v�nements culturels,Ouvert
1171. Rainow Rural Life Exhibition,Expositions,Ouvert
1172. Latviabeerfest,Festival gastronomique,Ouvert
1173. Coupe D'europe De Montgolfi�res - Nouvelle Aquitaine Airshow,Manifestations sportives,
1174. �sele Marknad,Expositions,
1175. Salle Abeille,Expositions,Ouvert
1176. Sagra Della Polenta di Rigutino,Festival gastronomique,
1177. Chepstow Real Ale & Cider Festival,Festival gastronomique,
1178. The Art of Banksy,Expositions,
1179. Picnic Experience,�v�nements culturels,
1180. ARTISTAS DEL PUEBLO,Expositions,
1181. Grand D�fi SEP,Manifestations sportives,
1182. Vault Festival,Expositions,Ouvert
1183. Ogr�d ?wiate? - Gdynia,Expositions,
1184. F�te de l'humani�,Festivals de musique,Ouvert
1185. Biosalus Festival,�v�nements culturels,Ouvert
1186. Christmas Garden Augsburg,�v�nements culturels,
1187. Craftmall,�v�nements culturels,Ouvert
1188. Edil Expo Roma,�v�nements culturels,Ouvert
1189. Run Dirt Race,Manifestations sportives,
1190. Kulturhaus Caserne,�v�nements culturels,
1191. New Destination GYM,Manifestations sportives,
"1192. Cultural space ""Open Space""",�v�nements culturels,
1193. Sagra Del Fungo Porcino,Festival gastronomique,Ouvert
1194. Whiddon Autumn Festival,Festivals de musique,
1195. Cork Whisky Fest,Festival gastronomique,
1196. Sagra della Polenta -  Rigutino,Festival gastronomique,
1197. SecretDoors records,Festivals de musique,
1198. Leonardslee Illuminated,�v�nements culturels,
1199. Gartallery,Expositions,
1200. Haus Der Volksmusik,�v�nements culturels,
1201. Vamos! Flamenco Festival,Festivals de musique,
1202. De Cacaofabriek,�v�nements culturels,Ouvert
1203. Exposition artistique - Saynetes De La Vie De Tous Les Jours,Expositions � Mus�es d'art,
1204. The Kobasica Open - Sausage Festival,Festival gastronomique,
1205. Sabay Festival,�v�nements culturels,
"1206. Exhibition Hall ""Pushkinskiy""",Expositions,Ouvert
1207. Reggae Brunch,Festival gastronomique,
1208. Festival Les Galettes Du Monde,Festivals de musique,Ouvert
1209. The Art of Banksy - Without Limits,Expositions,Ouvert
1210. Donaufestival,�v�nements culturels,
1211. Wachau-marathon,Manifestations sportives,
1212. Van Gogh Alive - The Experience,Expositions,
1213. Teg Bahadur Rhapsody,Festivals de musique,
1214. Horst Exhibition,Expositions,Ouvert
1215. Art Of Eden,Expositions,
1216. Deanfest,Festival gastronomique,
1217. Art Fair Cheshire,Galeries d'art � Expositions,Fermeture temporaire
1218. L'Arrosoir,�v�nements culturels,
1219. Cannock Food And Drink Festival,Festival gastronomique,
1220. Wergelandshaugen,Expositions,
1221. Lovere Street Food Festival,Festival gastronomique,
1222. Semana Del Cine De Melilla - Teatro Kursaal,�v�nements culturels,
1223. Gourmandia,Festival gastronomique,
1224. Interzoo,Expositions,
1225. Festival de Polyphonies Tarba en Canta,�v�nements culturels,
1226. Barcelona Beer Festival,Festival gastronomique,
1227. Scottish National Whisky Festival,Festival gastronomique,
1228. Muswiese,Festival gastronomique,Ouvert
1229. Beeldkraken Expo,Expositions,Ouvert
1230. Skateacademy Hambrug,Manifestations sportives,
