Titre,image,Nom_Hotel,Lien,Ville,Emplacement,Note,Appreciation,Place,Comparatif,Nbr_Experiences,TCC,Type,Detail,Prix
Appartement 3 Chambres,https://cf2.bstatic.com/xdata/images/hotel/square600/503078897.webp?k=b6c5fba1adb7d15cc7c29730fa08ea38c4a2d34e337b6dc093db18c3aa59c90d&o=,Grand Harbour View,https://www.booking.com/hotel/mt/grand-harbour-view-valletta.fr.html?label=gog235jc-1DCAMoyAE4wwJIDVgDaE2IAQGYAQ24ARfIAQzYAQPoAQH4AQKIAgGoAgO4AoDcjaoGwAIB0gIkNjQwODM3N2YtMzg5NC00ODYyLTg4ZDQtNWQxMmQyOTg2MWM02AIE4AIB&sid=c694f4a42cec3bb04547d189ffe881c8&aid=356980&ucfs=1&arphpl=1&checkin=2023-11-03&checkout=2023-11-04&dest_id=-19310&dest_type=city&group_adults=1&req_adults=1&no_rooms=1&group_children=0&req_children=0&hpos=1&hapos=1&sr_order=popularity&srpvid=cfd958d2d7e301b0&srepoch=1698928680&all_sr_blocks=1100384701_382885997_6_0_0&highlighted_blocks=1100384701_382885997_6_0_0&matching_block_id=1100384701_382885997_6_0_0&sr_pri_blocks=1100384701_382885997_6_0_0__22500&from=searchresults&map=1,La Valette,350 m du centre,,,3 lits doubles,Plus que 1 à ce prix sur notre site,"1 nuit, 1 adulte",Taxes et frais compris,Taxes et frais compris,3 lits doubles,€ 225
Studio Standard,https://cf2.bstatic.com/xdata/images/hotel/square600/119410271.webp?k=3f1a10f26a4a49a8dc389bddf3ed2440611a6c7e27bee9c193c8fe302a74cd1f&o=,Vallettastay Standard Apartments in Valletta,https://www.booking.com/hotel/mt/lucky-star-serviced-apartments.fr.html?label=gog235jc-1DCAMoyAE4wwJIDVgDaE2IAQGYAQ24ARfIAQzYAQPoAQH4AQKIAgGoAgO4AoDcjaoGwAIB0gIkNjQwODM3N2YtMzg5NC00ODYyLTg4ZDQtNWQxMmQyOTg2MWM02AIE4AIB&sid=c694f4a42cec3bb04547d189ffe881c8&aid=356980&ucfs=1&arphpl=1&checkin=2023-11-03&checkout=2023-11-04&dest_id=-19310&dest_type=city&group_adults=1&req_adults=1&no_rooms=1&group_children=0&req_children=0&hpos=2&hapos=2&sr_order=popularity&srpvid=cfd958d2d7e301b0&srepoch=1698928680&all_sr_blocks=141821908_348287396_0_2_0&highlighted_blocks=141821908_348287396_0_2_0&matching_block_id=141821908_348287396_0_2_0&sr_pri_blocks=141821908_348287396_0_2_0__9300&from=searchresults&map=1,La Valette,350 m du centre,"6,4",Note ,1 lit double,Plus que 1 à ce prix sur notre site,251 expériences vécues,Taxes et frais compris,"1 nuit, 1 adulte",Studio entier • 1 salle de bains • 20m²,€ 93
Dortoir Mixte de 8 Lits ,https://cf2.bstatic.com/xdata/images/hotel/square600/471882130.webp?k=c94fac30c3dbea2caa0da858c6bceebccf0292103dada2b7a4738d7548e18c77&o=,L'Artist Casa Micallef,https://www.booking.com/hotel/mt/micallef-apartment-il-belt-valletta.fr.html?label=gog235jc-1DCAMoyAE4wwJIDVgDaE2IAQGYAQ24ARfIAQzYAQPoAQH4AQKIAgGoAgO4AoDcjaoGwAIB0gIkNjQwODM3N2YtMzg5NC00ODYyLTg4ZDQtNWQxMmQyOTg2MWM02AIE4AIB&sid=c694f4a42cec3bb04547d189ffe881c8&aid=356980&ucfs=1&arphpl=1&checkin=2023-11-03&checkout=2023-11-04&dest_id=-19310&dest_type=city&group_adults=1&req_adults=1&no_rooms=1&group_children=0&req_children=0&hpos=3&hapos=3&sr_order=popularity&srpvid=cfd958d2d7e301b0&srepoch=1698928680&all_sr_blocks=1000006303_372824767_1_0_0&highlighted_blocks=1000006303_372824767_1_0_0&matching_block_id=1000006303_372824767_1_0_0&sr_pri_blocks=1000006303_372824767_1_0_0__2550&from=searchresults&map=1,La Valette,450 m du centre,"8,4",Très bien ,Hébergement géré par un particulier,Plus que 4 à ce prix sur notre site,253 expériences vécues,Taxes et frais compris,"1 nuit, 1 adulte",Dortoir,€ 25
Chambre Double Deluxe avec Balcon,https://cf2.bstatic.com/xdata/images/hotel/square600/84077484.webp?k=88824701cb7ff3a32602eabe811cb901cc6e3ddf150f407f5cbe09e9629912c7&o=,Paulos Valletta,https://www.booking.com/hotel/mt/paulos-valletta.fr.html?label=gog235jc-1DCAMoyAE4wwJIDVgDaE2IAQGYAQ24ARfIAQzYAQPoAQH4AQKIAgGoAgO4AoDcjaoGwAIB0gIkNjQwODM3N2YtMzg5NC00ODYyLTg4ZDQtNWQxMmQyOTg2MWM02AIE4AIB&sid=c694f4a42cec3bb04547d189ffe881c8&aid=356980&ucfs=1&arphpl=1&checkin=2023-11-03&checkout=2023-11-04&dest_id=-19310&dest_type=city&group_adults=1&req_adults=1&no_rooms=1&group_children=0&req_children=0&hpos=4&hapos=4&sr_order=popularity&srpvid=cfd958d2d7e301b0&srepoch=1698928680&all_sr_blocks=206837705_131081264_0_1_0&highlighted_blocks=206837705_131081264_0_1_0&matching_block_id=206837705_131081264_0_1_0&sr_pri_blocks=206837705_131081264_0_1_0__12930&from=searchresults&map=1,La Valette,150 m du centre,"8,9",Superbe ,1 grand lit double,Plus que 2 hébergements à ce prix sur notre site,929 expériences vécues,Taxes et frais compris,"1 nuit, 1 adulte",1 grand lit double,€ 129
Chambre Double ou Lits Jumeaux Standard,https://cf2.bstatic.com/xdata/images/hotel/square600/258720874.webp?k=1e84a8eb116f11b5d1cde208ba8ae19acff826cb2b5c89a63269c4856feeeb3a&o=,Osborne Hotel,https://www.booking.com/hotel/mt/osborne.fr.html?label=gog235jc-1DCAMoyAE4wwJIDVgDaE2IAQGYAQ24ARfIAQzYAQPoAQH4AQKIAgGoAgO4AoDcjaoGwAIB0gIkNjQwODM3N2YtMzg5NC00ODYyLTg4ZDQtNWQxMmQyOTg2MWM02AIE4AIB&sid=c694f4a42cec3bb04547d189ffe881c8&aid=356980&ucfs=1&arphpl=1&checkin=2023-11-03&checkout=2023-11-04&dest_id=-19310&dest_type=city&group_adults=1&req_adults=1&no_rooms=1&group_children=0&req_children=0&hpos=5&hapos=5&sr_order=popularity&srpvid=cfd958d2d7e301b0&srepoch=1698928680&all_sr_blocks=1757302_264963658_1_2_0&highlighted_blocks=1757302_264963658_1_2_0&matching_block_id=1757302_264963658_1_2_0&sr_pri_blocks=1757302_264963658_1_2_0__12050&from_sustainable_property_sr=1&from=searchresults&map=1,La Valette,400 m du centre,"8,7",Superbe ,Types de lits : 1 lit double ou 2 lits simples,Plus que 1 hébergement à ce prix sur notre site,3 436 expériences vécues,Taxes et frais compris,"1 nuit, 1 adulte",Types de lits : 1 lit double ou 2 lits simples,€ 151€ 121
Suite,https://cf2.bstatic.com/xdata/images/hotel/square600/157632745.webp?k=ab7333098e3db57f5b3929c939b854ad31dfb0c828121539a6d5d4383b99b82b&o=,Valletta Kampnar City Living,https://www.booking.com/hotel/mt/valletta-saint-mark-39-s-apartments.fr.html?label=gog235jc-1DCAMoyAE4wwJIDVgDaE2IAQGYAQ24ARfIAQzYAQPoAQH4AQKIAgGoAgO4AoDcjaoGwAIB0gIkNjQwODM3N2YtMzg5NC00ODYyLTg4ZDQtNWQxMmQyOTg2MWM02AIE4AIB&sid=c694f4a42cec3bb04547d189ffe881c8&aid=356980&ucfs=1&arphpl=1&checkin=2023-11-03&checkout=2023-11-04&dest_id=-19310&dest_type=city&group_adults=1&req_adults=1&no_rooms=1&group_children=0&req_children=0&hpos=6&hapos=6&sr_order=popularity&srpvid=cfd958d2d7e301b0&srepoch=1698928680&all_sr_blocks=341304503_116800581_0_0_0&highlighted_blocks=341304503_116800581_0_0_0&matching_block_id=341304503_116800581_0_0_0&sr_pri_blocks=341304503_116800581_0_0_0__8315&from=searchresults&map=1,La Valette,300 m du centre,"6,2",Note ,1 lit double,Plus que 1 à ce prix sur notre site,952 expériences vécues,Taxes et frais compris,"1 nuit, 1 adulte",1 lit double,€ 96€ 83
Appartement 1 Chambre,https://cf2.bstatic.com/xdata/images/hotel/square600/345785110.webp?k=1f84d4a44d9ad9992474685ddb4a89bb4cbd9f85780f79524dfd3d3a2b04cd9f&o=,Valletta Dream Suites,https://www.booking.com/hotel/mt/valletta-dream-suites-penthouse-with-terraces-and-astonishing-view.fr.html?label=gog235jc-1DCAMoyAE4wwJIDVgDaE2IAQGYAQ24ARfIAQzYAQPoAQH4AQKIAgGoAgO4AoDcjaoGwAIB0gIkNjQwODM3N2YtMzg5NC00ODYyLTg4ZDQtNWQxMmQyOTg2MWM02AIE4AIB&sid=c694f4a42cec3bb04547d189ffe881c8&aid=356980&ucfs=1&arphpl=1&checkin=2023-11-03&checkout=2023-11-04&dest_id=-19310&dest_type=city&group_adults=1&req_adults=1&no_rooms=1&group_children=0&req_children=0&hpos=7&hapos=7&sr_order=popularity&srpvid=cfd958d2d7e301b0&srepoch=1698928680&all_sr_blocks=362367306_118823766_2_0_0&highlighted_blocks=362367306_118823766_2_0_0&matching_block_id=362367306_118823766_2_0_0&sr_pri_blocks=362367306_118823766_2_0_0__15670&from=searchresults&map=1,La Valette,350 m du centre,"8,1",Très bien ,Hébergement géré par un particulier,Plus que 1 à ce prix sur notre site,270 expériences vécues,Taxes et frais compris,"1 nuit, 1 adulte","2 lits (1 lit double, 1 canapé-lit)",€ 157
Chambre Deluxe Double ou Lits Jumeaux,https://cf2.bstatic.com/xdata/images/hotel/square600/106831389.webp?k=548c02ec1e57c2a00cf1f513d2154c651fade94da61635f15d69731d76afea84&o=,Grand Hotel Excelsior,https://www.booking.com/hotel/mt/excelsior-grand-malta.fr.html?label=gog235jc-1DCAMoyAE4wwJIDVgDaE2IAQGYAQ24ARfIAQzYAQPoAQH4AQKIAgGoAgO4AoDcjaoGwAIB0gIkNjQwODM3N2YtMzg5NC00ODYyLTg4ZDQtNWQxMmQyOTg2MWM02AIE4AIB&sid=c694f4a42cec3bb04547d189ffe881c8&aid=356980&ucfs=1&arphpl=1&checkin=2023-11-03&checkout=2023-11-04&dest_id=-19310&dest_type=city&group_adults=1&req_adults=1&no_rooms=1&group_children=0&req_children=0&hpos=8&hapos=8&sr_order=popularity&srpvid=cfd958d2d7e301b0&srepoch=1698928680&all_sr_blocks=1756205_0_1_0_0&highlighted_blocks=1756205_0_1_0_0&matching_block_id=1756205_0_1_0_0&sr_pri_blocks=1756205_0_1_0_0__18415&from_sustainable_property_sr=1&from=searchresults&map=1,La Valette,"0,7 km du centre","8,3",Très bien ,Types de lits : 1 lit double ou 2 lits simples,,2 921 expériences vécues,Taxes et frais compris,"1 nuit, 1 adulte",Types de lits : 1 lit double ou 2 lits simples,€ 184
Studio avec Balcon - Tritoni ,https://cf2.bstatic.com/xdata/images/hotel/square600/185950833.webp?k=d138be11108cea18bb53e64165c19db8849dbb4f940b31354bb83026a219f446&o=,Jean de Valette Boutique Living,https://www.booking.com/hotel/mt/jean-de-valette-boutique-living.fr.html?label=gog235jc-1DCAMoyAE4wwJIDVgDaE2IAQGYAQ24ARfIAQzYAQPoAQH4AQKIAgGoAgO4AoDcjaoGwAIB0gIkNjQwODM3N2YtMzg5NC00ODYyLTg4ZDQtNWQxMmQyOTg2MWM02AIE4AIB&sid=c694f4a42cec3bb04547d189ffe881c8&aid=356980&ucfs=1&arphpl=1&checkin=2023-11-03&checkout=2023-11-04&dest_id=-19310&dest_type=city&group_adults=1&req_adults=1&no_rooms=1&group_children=0&req_children=0&hpos=9&hapos=9&sr_order=popularity&srpvid=cfd958d2d7e301b0&srepoch=1698928680&all_sr_blocks=221516711_270503915_0_0_0&highlighted_blocks=221516711_270503915_0_0_0&matching_block_id=221516711_270503915_0_0_0&sr_pri_blocks=221516711_270503915_0_0_0__12050&from=searchresults&map=1,La Valette,250 m du centre,"8,7",Superbe ,2 lits simples,Plus que 1 à ce prix sur notre site,957 expériences vécues,Taxes et frais compris,"1 nuit, 1 adulte",2 lits simples,€ 121
Chambre Double ou Lits Jumeaux - Vue sur Mer,https://cf2.bstatic.com/xdata/images/hotel/square600/18218911.webp?k=0f47e2301cd4ab29bd3ce2f3bce63781e2bae9528af860b8f871a3a0f23da7bf&o=,Grand Harbour Hotel,https://www.booking.com/hotel/mt/grand-harbour.fr.html?label=gog235jc-1DCAMoyAE4wwJIDVgDaE2IAQGYAQ24ARfIAQzYAQPoAQH4AQKIAgGoAgO4AoDcjaoGwAIB0gIkNjQwODM3N2YtMzg5NC00ODYyLTg4ZDQtNWQxMmQyOTg2MWM02AIE4AIB&sid=c694f4a42cec3bb04547d189ffe881c8&aid=356980&ucfs=1&arphpl=1&checkin=2023-11-03&checkout=2023-11-04&dest_id=-19310&dest_type=city&group_adults=1&req_adults=1&no_rooms=1&group_children=0&req_children=0&hpos=10&hapos=10&sr_order=popularity&srpvid=cfd958d2d7e301b0&srepoch=1698928680&all_sr_blocks=58200404_89093925_0_2_0&highlighted_blocks=58200404_89093925_0_2_0&matching_block_id=58200404_89093925_0_2_0&sr_pri_blocks=58200404_89093925_0_2_0__14550&from=searchresults&map=1,La Valette,250 m du centre,"8,4",Très bien ,Types de lits : 1 lit double ou 2 lits simples,Plus que 1 hébergement à ce prix sur notre site,2 499 expériences vécues,Taxes et frais compris,"1 nuit, 1 adulte",Types de lits : 1 lit double ou 2 lits simples,€ 146
Chambre Double - Vue sur Mer,https://cf2.bstatic.com/xdata/images/hotel/square600/90012715.webp?k=24a2f0188688e932936cebd71a7cc121a909f01f01864e963a6ca7e5fb2386bf&o=,Luciano Al Porto Boutique,https://www.booking.com/hotel/mt/luciano-al-porto-boutique-accommodation.fr.html?label=gog235jc-1DCAMoyAE4wwJIDVgDaE2IAQGYAQ24ARfIAQzYAQPoAQH4AQKIAgGoAgO4AoDcjaoGwAIB0gIkNjQwODM3N2YtMzg5NC00ODYyLTg4ZDQtNWQxMmQyOTg2MWM02AIE4AIB&sid=c694f4a42cec3bb04547d189ffe881c8&aid=356980&ucfs=1&arphpl=1&checkin=2023-11-03&checkout=2023-11-04&dest_id=-19310&dest_type=city&group_adults=1&req_adults=1&no_rooms=1&group_children=0&req_children=0&hpos=11&hapos=11&sr_order=popularity&srpvid=cfd958d2d7e301b0&srepoch=1698928680&all_sr_blocks=50603701_353402865_0_1_0&highlighted_blocks=50603701_353402865_0_1_0&matching_block_id=50603701_353402865_0_1_0&sr_pri_blocks=50603701_353402865_0_1_0__14050&from=searchresults&map=1,La Valette,250 m du centre,"7,9",Bien  ,1 grand lit double,Plus que 4 hébergements à ce prix sur notre site,842 expériences vécues,Taxes et frais compris,"1 nuit, 1 adulte",1 grand lit double,€ 140
Appartement 1 Chambre,https://cf2.bstatic.com/xdata/images/hotel/square600/502484939.webp?k=45a30c1f74b23a7b4845d5087f1e22f0dc329614a8f0b3f79efa9f99e08704e3&o=,Valletta Dome Apartment,https://www.booking.com/hotel/mt/valletta-apartment-close-to-all-monuments-and-easy-gozo-link.fr.html?label=gog235jc-1DCAMoyAE4wwJIDVgDaE2IAQGYAQ24ARfIAQzYAQPoAQH4AQKIAgGoAgO4AoDcjaoGwAIB0gIkNjQwODM3N2YtMzg5NC00ODYyLTg4ZDQtNWQxMmQyOTg2MWM02AIE4AIB&sid=c694f4a42cec3bb04547d189ffe881c8&aid=356980&ucfs=1&arphpl=1&checkin=2023-11-03&checkout=2023-11-04&dest_id=-19310&dest_type=city&group_adults=1&req_adults=1&no_rooms=1&group_children=0&req_children=0&hpos=12&hapos=12&sr_order=popularity&srpvid=cfd958d2d7e301b0&srepoch=1698928680&all_sr_blocks=1098971301_382761859_1_0_0&highlighted_blocks=1098971301_382761859_1_0_0&matching_block_id=1098971301_382761859_1_0_0&sr_pri_blocks=1098971301_382761859_1_0_0__8424&from=searchresults&map=1,La Valette,400 m du centre,,,Hébergement géré par un particulier,,"1 nuit, 1 adulte",Taxes et frais compris,Taxes et frais compris,"2 lits (1 canapé-lit, 1 grand lit double)",€ 105€ 84
Chambre Double ou Lits Jumeaux,https://cf2.bstatic.com/xdata/images/hotel/square600/479078276.webp?k=cf30fe2b3ec5c6166a271143b36134483b3e1761ae141d31b31c08d2c7fa1702&o=,Palais Le Brun,https://www.booking.com/hotel/mt/palais-le-brun.fr.html?label=gog235jc-1DCAMoyAE4wwJIDVgDaE2IAQGYAQ24ARfIAQzYAQPoAQH4AQKIAgGoAgO4AoDcjaoGwAIB0gIkNjQwODM3N2YtMzg5NC00ODYyLTg4ZDQtNWQxMmQyOTg2MWM02AIE4AIB&sid=c694f4a42cec3bb04547d189ffe881c8&aid=356980&ucfs=1&arphpl=1&checkin=2023-11-03&checkout=2023-11-04&dest_id=-19310&dest_type=city&group_adults=1&req_adults=1&no_rooms=1&group_children=0&req_children=0&hpos=13&hapos=13&sr_order=popularity&srpvid=cfd958d2d7e301b0&srepoch=1698928680&all_sr_blocks=337545601_116303024_0_1_0&highlighted_blocks=337545601_116303024_0_1_0&matching_block_id=337545601_116303024_0_1_0&sr_pri_blocks=337545601_116303024_0_1_0__16651&from_sustainable_property_sr=1&from=searchresults&map=1,La Valette,200 m du centre,"8,9",Superbe ,Types de lits : 1 lit double ou 2 lits simples,Plus que 2 hébergements à ce prix sur notre site,1 111 expériences vécues,Taxes et frais compris,"1 nuit, 1 adulte",Types de lits : 1 lit double ou 2 lits simples,€ 167
Chambre Double,https://cf2.bstatic.com/xdata/images/hotel/square600/463140147.webp?k=409a54c238348205ebea7c7caaa0afe6ba7c1e0d16ff51702907ba8304dd36de&o=,Babel Suites,https://www.booking.com/hotel/mt/babel-suites.fr.html?label=gog235jc-1DCAMoyAE4wwJIDVgDaE2IAQGYAQ24ARfIAQzYAQPoAQH4AQKIAgGoAgO4AoDcjaoGwAIB0gIkNjQwODM3N2YtMzg5NC00ODYyLTg4ZDQtNWQxMmQyOTg2MWM02AIE4AIB&sid=c694f4a42cec3bb04547d189ffe881c8&aid=356980&ucfs=1&arphpl=1&checkin=2023-11-03&checkout=2023-11-04&dest_id=-19310&dest_type=city&group_adults=1&req_adults=1&no_rooms=1&group_children=0&req_children=0&hpos=14&hapos=14&sr_order=popularity&srpvid=cfd958d2d7e301b0&srepoch=1698928680&all_sr_blocks=1013034401_373915939_2_2_0&highlighted_blocks=1013034401_373915939_2_2_0&matching_block_id=1013034401_373915939_2_2_0&sr_pri_blocks=1013034401_373915939_2_2_0__11300&from=searchresults&map=1,La Valette,200 m du centre,"9,0",Fabuleux  ,Hébergement géré par un particulier,Plus que 1 hébergement à ce prix sur notre site,64 expériences vécues,Taxes et frais compris,"1 nuit, 1 adulte","2 lits (1 lit double, 1 très grand lit double)",€ 113
Appartement Supérieur,https://cf2.bstatic.com/xdata/images/hotel/square600/492400436.webp?k=a0037ed63edf3e11ffe94227f8418e8777570dffa94e17f1914a5ff4cfcb5def&o=,CASA NOBILE APARTMENTS,https://www.booking.com/hotel/mt/casa-nobile-apartments.fr.html?label=gog235jc-1DCAMoyAE4wwJIDVgDaE2IAQGYAQ24ARfIAQzYAQPoAQH4AQKIAgGoAgO4AoDcjaoGwAIB0gIkNjQwODM3N2YtMzg5NC00ODYyLTg4ZDQtNWQxMmQyOTg2MWM02AIE4AIB&sid=c694f4a42cec3bb04547d189ffe881c8&aid=356980&ucfs=1&arphpl=1&checkin=2023-11-03&checkout=2023-11-04&dest_id=-19310&dest_type=city&group_adults=1&req_adults=1&no_rooms=1&group_children=0&req_children=0&hpos=15&hapos=15&sr_order=popularity&srpvid=cfd958d2d7e301b0&srepoch=1698928680&all_sr_blocks=1026983501_375452088_4_0_0&highlighted_blocks=1026983501_375452088_4_0_0&matching_block_id=1026983501_375452088_4_0_0&sr_pri_blocks=1026983501_375452088_4_0_0__14130&from_sustainable_property_sr=1&from=searchresults&map=1,La Valette,250 m du centre,"8,7",Superbe ,Hébergement géré par un particulier,Plus que 1 à ce prix sur notre site,83 expériences vécues,Taxes et frais compris,"1 nuit, 1 adulte","2 lits (1 lit double, 1 canapé-lit)",€ 141
Studio Standard - Vue sur Rue,https://cf2.bstatic.com/xdata/images/hotel/square600/199975883.webp?k=60f7b00e5a211c0d6d5e77a8f5a792b2f900aa84f2f02006cdb687364ecf33a2&o=,Valletta Ajkla Mansion,https://www.booking.com/hotel/mt/ajkla-mansion.fr.html?label=gog235jc-1DCAMoyAE4wwJIDVgDaE2IAQGYAQ24ARfIAQzYAQPoAQH4AQKIAgGoAgO4AoDcjaoGwAIB0gIkNjQwODM3N2YtMzg5NC00ODYyLTg4ZDQtNWQxMmQyOTg2MWM02AIE4AIB&sid=c694f4a42cec3bb04547d189ffe881c8&aid=356980&ucfs=1&arphpl=1&checkin=2023-11-03&checkout=2023-11-04&dest_id=-19310&dest_type=city&group_adults=1&req_adults=1&no_rooms=1&group_children=0&req_children=0&hpos=16&hapos=16&sr_order=popularity&srpvid=cfd958d2d7e301b0&srepoch=1698928680&all_sr_blocks=154320105_89202945_0_0_0&highlighted_blocks=154320105_89202945_0_0_0&matching_block_id=154320105_89202945_0_0_0&sr_pri_blocks=154320105_89202945_0_0_0__11012&from=searchresults&map=1,La Valette,250 m du centre,"6,8",Note ,1 lit double,Plus que 1 à ce prix sur notre site,1 002 expériences vécues,Taxes et frais compris,"1 nuit, 1 adulte",Studio entier • 1 salle de bains • 25m²,€ 143€ 110
Chambre Double ou Lits Jumeaux,https://cf2.bstatic.com/xdata/images/hotel/square600/343990404.webp?k=e2d48e4030ce4e208cf04c780b7057daf6ca8e434e9a32208fcf617e4560a34b&o=,The Gomerino Hotel,https://www.booking.com/hotel/mt/the-gomerino.fr.html?label=gog235jc-1DCAMoyAE4wwJIDVgDaE2IAQGYAQ24ARfIAQzYAQPoAQH4AQKIAgGoAgO4AoDcjaoGwAIB0gIkNjQwODM3N2YtMzg5NC00ODYyLTg4ZDQtNWQxMmQyOTg2MWM02AIE4AIB&sid=c694f4a42cec3bb04547d189ffe881c8&aid=356980&ucfs=1&arphpl=1&checkin=2023-11-03&checkout=2023-11-04&dest_id=-19310&dest_type=city&group_adults=1&req_adults=1&no_rooms=1&group_children=0&req_children=0&hpos=17&hapos=17&sr_order=popularity&srpvid=cfd958d2d7e301b0&srepoch=1698928680&all_sr_blocks=750481301_331417700_2_1_0&highlighted_blocks=750481301_331417700_2_1_0&matching_block_id=750481301_331417700_2_1_0&sr_pri_blocks=750481301_331417700_2_1_0__28400&from_sustainable_property_sr=1&from=searchresults&map=1,La Valette,200 m du centre,"9,0",Fabuleux  ,Plusieurs types de lits,Plus que 1 hébergement à ce prix sur notre site,1 203 expériences vécues,Taxes et frais compris,"1 nuit, 1 adulte",Plusieurs types de lits,€ 284
Appartement avec Balcon,https://cf2.bstatic.com/xdata/images/hotel/square600/366154825.webp?k=41d8d8093d742f0faff2a65b173105331e6dd1850870033c1a3c01124d51ef87&o=,Tritoni Harbour suites - Valletta,https://www.booking.com/hotel/mt/valletta-harbour-house-st-ursula-apartment.fr.html?label=gog235jc-1DCAMoyAE4wwJIDVgDaE2IAQGYAQ24ARfIAQzYAQPoAQH4AQKIAgGoAgO4AoDcjaoGwAIB0gIkNjQwODM3N2YtMzg5NC00ODYyLTg4ZDQtNWQxMmQyOTg2MWM02AIE4AIB&sid=c694f4a42cec3bb04547d189ffe881c8&aid=356980&ucfs=1&arphpl=1&checkin=2023-11-03&checkout=2023-11-04&dest_id=-19310&dest_type=city&group_adults=1&req_adults=1&no_rooms=1&group_children=0&req_children=0&hpos=18&hapos=18&sr_order=popularity&srpvid=cfd958d2d7e301b0&srepoch=1698928680&all_sr_blocks=818098906_344395333_2_0_0&highlighted_blocks=818098906_344395333_2_0_0&matching_block_id=818098906_344395333_2_0_0&sr_pri_blocks=818098906_344395333_2_0_0__16600&from_sustainable_property_sr=1&from=searchresults&map=1,La Valette,250 m du centre,"8,1",Très bien ,1 lit double,Plus que 1 à ce prix sur notre site,654 expériences vécues,Taxes et frais compris,"1 nuit, 1 adulte",1 lit double,€ 166
Studio Deluxe,https://cf2.bstatic.com/xdata/images/hotel/square600/263655092.webp?k=20794a5abd9d18bee9f56e533012b68354a2a30032d4d658be959e77703d5c3a&o=,Ursula suites - self catering apartments - Valletta - By Tritoni Hotels,https://www.booking.com/hotel/mt/st-ursuala-apartment-valletta.fr.html?label=gog235jc-1DCAMoyAE4wwJIDVgDaE2IAQGYAQ24ARfIAQzYAQPoAQH4AQKIAgGoAgO4AoDcjaoGwAIB0gIkNjQwODM3N2YtMzg5NC00ODYyLTg4ZDQtNWQxMmQyOTg2MWM02AIE4AIB&sid=c694f4a42cec3bb04547d189ffe881c8&aid=356980&ucfs=1&arphpl=1&checkin=2023-11-03&checkout=2023-11-04&dest_id=-19310&dest_type=city&group_adults=1&req_adults=1&no_rooms=1&group_children=0&req_children=0&hpos=19&hapos=19&sr_order=popularity&srpvid=cfd958d2d7e301b0&srepoch=1698928680&all_sr_blocks=661173102_270864224_2_0_0&highlighted_blocks=661173102_270864224_2_0_0&matching_block_id=661173102_270864224_2_0_0&sr_pri_blocks=661173102_270864224_2_0_0__14950&from_sustainable_property_sr=1&from=searchresults&map=1,La Valette,400 m du centre,"8,1",Très bien ,"2 lits (1 lit double, 1 canapé-lit)",Plus que 3 à ce prix sur notre site,375 expériences vécues,Taxes et frais compris,"1 nuit, 1 adulte",Studio entier • 1 salle de bains • 1 cuisine • 18m²,€ 150
Chambre Double ou Lits Jumeaux,https://cf2.bstatic.com/xdata/images/hotel/square600/86559935.webp?k=2515cb638d0e8d74d08ff6e73b0a40c8dfcecfb6038f3340d61e13c9da705076&o=,Luciano Valletta Boutique,https://www.booking.com/hotel/mt/valletta-boutique.fr.html?label=gog235jc-1DCAMoyAE4wwJIDVgDaE2IAQGYAQ24ARfIAQzYAQPoAQH4AQKIAgGoAgO4AoDcjaoGwAIB0gIkNjQwODM3N2YtMzg5NC00ODYyLTg4ZDQtNWQxMmQyOTg2MWM02AIE4AIB&sid=c694f4a42cec3bb04547d189ffe881c8&aid=356980&ucfs=1&arphpl=1&checkin=2023-11-03&checkout=2023-11-04&dest_id=-19310&dest_type=city&group_adults=1&req_adults=1&no_rooms=1&group_children=0&req_children=0&hpos=20&hapos=20&sr_order=popularity&srpvid=cfd958d2d7e301b0&srepoch=1698928680&all_sr_blocks=26634405_353402877_0_1_0&highlighted_blocks=26634405_353402877_0_1_0&matching_block_id=26634405_353402877_0_1_0&sr_pri_blocks=26634405_353402877_0_1_0__15050&from=searchresults&map=1,La Valette,150 m du centre,"7,5",Bien  ,Types de lits : 1 lit double ou 2 lits simples,Plus que 1 hébergement à ce prix sur notre site,1 241 expériences vécues,Taxes et frais compris,"1 nuit, 1 adulte",Types de lits : 1 lit double ou 2 lits simples,€ 151
Chambre Simple avec Terrasse,https://cf2.bstatic.com/xdata/images/hotel/square600/65438940.webp?k=e29b2051ea179a9f47a7103af22b47bc94bb5e49f44c99c0601dba0372e636af&o=,SU29 Boutique Hotel,https://www.booking.com/hotel/mt/su29-boutique.fr.html?label=gog235jc-1DCAMoyAE4wwJIDVgDaE2IAQGYAQ24ARfIAQzYAQPoAQH4AQKIAgGoAgO4AoDcjaoGwAIB0gIkNjQwODM3N2YtMzg5NC00ODYyLTg4ZDQtNWQxMmQyOTg2MWM02AIE4AIB&sid=c694f4a42cec3bb04547d189ffe881c8&aid=356980&ucfs=1&arphpl=1&checkin=2023-11-03&checkout=2023-11-04&dest_id=-19310&dest_type=city&group_adults=1&req_adults=1&no_rooms=1&group_children=0&req_children=0&hpos=21&hapos=21&sr_order=popularity&srpvid=cfd958d2d7e301b0&srepoch=1698928680&all_sr_blocks=158688607_89657807_0_1_0&highlighted_blocks=158688607_89657807_0_1_0&matching_block_id=158688607_89657807_0_1_0&sr_pri_blocks=158688607_89657807_0_1_0__16550&from=searchresults&map=1,La Valette,300 m du centre,"8,8",Superbe ,1 lit simple,Plus que 1 hébergement à ce prix sur notre site,519 expériences vécues,Taxes et frais compris,"1 nuit, 1 adulte",1 lit simple,€ 165
Chambre Double Supérieure,https://cf2.bstatic.com/xdata/images/hotel/square600/158655907.webp?k=0ba1855de5ffed0b41b0fb9a08f96b656a96ee55b38cc09f90e217efa7cfb4e7&o=,The Manoel Boutique Hotel,https://www.booking.com/hotel/mt/de-vilhena-boutique.fr.html?label=gog235jc-1DCAMoyAE4wwJIDVgDaE2IAQGYAQ24ARfIAQzYAQPoAQH4AQKIAgGoAgO4AoDcjaoGwAIB0gIkNjQwODM3N2YtMzg5NC00ODYyLTg4ZDQtNWQxMmQyOTg2MWM02AIE4AIB&sid=c694f4a42cec3bb04547d189ffe881c8&aid=356980&ucfs=1&arphpl=1&checkin=2023-11-03&checkout=2023-11-04&dest_id=-19310&dest_type=city&group_adults=1&req_adults=1&no_rooms=1&group_children=0&req_children=0&hpos=22&hapos=22&sr_order=popularity&srpvid=cfd958d2d7e301b0&srepoch=1698928680&all_sr_blocks=207384008_382325383_0_1_0&highlighted_blocks=207384008_382325383_0_1_0&matching_block_id=207384008_382325383_0_1_0&sr_pri_blocks=207384008_382325383_0_1_0__20950&from=searchresults&map=1,La Valette,100 m du centre,"7,9",Bien  ,1 grand lit double,Plus que 2 hébergements à ce prix sur notre site,804 expériences vécues,Taxes et frais compris,"1 nuit, 1 adulte",1 grand lit double,€ 210
Maison 2 Chambres,https://cf2.bstatic.com/xdata/images/hotel/square600/245323022.webp?k=17428951939dc52eeede5ca3f2d7320481dcb3212d4b0ffd1e60dda2e555116c&o=,Valletta Lucia Townhouse,https://www.booking.com/hotel/mt/valletta-lucia-townhouse.fr.html?label=gog235jc-1DCAMoyAE4wwJIDVgDaE2IAQGYAQ24ARfIAQzYAQPoAQH4AQKIAgGoAgO4AoDcjaoGwAIB0gIkNjQwODM3N2YtMzg5NC00ODYyLTg4ZDQtNWQxMmQyOTg2MWM02AIE4AIB&sid=c694f4a42cec3bb04547d189ffe881c8&aid=356980&ucfs=1&arphpl=1&checkin=2023-11-03&checkout=2023-11-04&dest_id=-19310&dest_type=city&group_adults=1&req_adults=1&no_rooms=1&group_children=0&req_children=0&hpos=23&hapos=23&sr_order=popularity&srpvid=cfd958d2d7e301b0&srepoch=1698928680&all_sr_blocks=626137301_243735835_2_0_0&highlighted_blocks=626137301_243735835_2_0_0&matching_block_id=626137301_243735835_2_0_0&sr_pri_blocks=626137301_243735835_2_0_0__11680&from=searchresults&map=1,La Valette,200 m du centre,"6,6",Note ,"3 lits (1 lit simple, 1 lit double, 1 canapé-lit)",,51 expériences vécues,Taxes et frais compris,"1 nuit, 1 adulte","3 lits (1 lit simple, 1 lit double, 1 canapé-lit)",€ 128€ 117
Chambre Double Supérieure,https://cf2.bstatic.com/xdata/images/hotel/square600/293476927.webp?k=6625d9acbc34fd8a556f874fb02a59ff15e3f36522851a55d0188e23befc6a0d&o=,19 ROOMS,https://www.booking.com/hotel/mt/19-rooms-valletta.fr.html?label=gog235jc-1DCAMoyAE4wwJIDVgDaE2IAQGYAQ24ARfIAQzYAQPoAQH4AQKIAgGoAgO4AoDcjaoGwAIB0gIkNjQwODM3N2YtMzg5NC00ODYyLTg4ZDQtNWQxMmQyOTg2MWM02AIE4AIB&sid=c694f4a42cec3bb04547d189ffe881c8&aid=356980&ucfs=1&arphpl=1&checkin=2023-11-03&checkout=2023-11-04&dest_id=-19310&dest_type=city&group_adults=1&req_adults=1&no_rooms=1&group_children=0&req_children=0&hpos=24&hapos=24&sr_order=popularity&srpvid=cfd958d2d7e301b0&srepoch=1698928680&all_sr_blocks=300300802_258067337_2_1_0&highlighted_blocks=300300802_258067337_2_1_0&matching_block_id=300300802_258067337_2_1_0&sr_pri_blocks=300300802_258067337_2_1_0__18050&from_sustainable_property_sr=1&from=searchresults&map=1,La Valette,300 m du centre,"8,9",Superbe ,1 grand lit double,Plus que 1 hébergement à ce prix sur notre site,670 expériences vécues,Taxes et frais compris,"1 nuit, 1 adulte",1 grand lit double,€ 181
Appartement 1 Chambre,https://cf2.bstatic.com/xdata/images/hotel/square600/409203527.webp?k=22ca5811ea3862b89df065b4ec669d6486d1ed31a435972cd2268c38acd91a17&o=,Vallettastay Old Lodge Apartment 7,https://www.booking.com/hotel/mt/vallettastay-old-lodge-apartment-7-il-belt-valletta1.fr.html?label=gog235jc-1DCAMoyAE4wwJIDVgDaE2IAQGYAQ24ARfIAQzYAQPoAQH4AQKIAgGoAgO4AoDcjaoGwAIB0gIkNjQwODM3N2YtMzg5NC00ODYyLTg4ZDQtNWQxMmQyOTg2MWM02AIE4AIB&sid=c694f4a42cec3bb04547d189ffe881c8&aid=356980&ucfs=1&arphpl=1&checkin=2023-11-03&checkout=2023-11-04&dest_id=-19310&dest_type=city&group_adults=1&req_adults=1&no_rooms=1&group_children=0&req_children=0&hpos=25&hapos=25&sr_order=popularity&srpvid=cfd958d2d7e301b0&srepoch=1698928680&all_sr_blocks=928454201_364807880_0_0_0&highlighted_blocks=928454201_364807880_0_0_0&matching_block_id=928454201_364807880_0_0_0&sr_pri_blocks=928454201_364807880_0_0_0__14000&from=searchresults&map=1,La Valette,400 m du centre,"8,2",Très bien ,Hébergement géré par un particulier,,42 expériences vécues,Taxes et frais compris,"1 nuit, 1 adulte",1 lit double,€ 140
Appartement 3 Chambres,https://cf2.bstatic.com/xdata/images/hotel/square600/503078897.webp?k=b6c5fba1adb7d15cc7c29730fa08ea38c4a2d34e337b6dc093db18c3aa59c90d&o=,Grand Harbour View,https://www.booking.com/hotel/mt/grand-harbour-view-valletta.fr.html?label=gog235jc-1DCAMoyAE4wwJIDVgDaE2IAQGYAQ24ARfIAQzYAQPoAQH4AQKIAgGoAgO4AoDcjaoGwAIB0gIkNjQwODM3N2YtMzg5NC00ODYyLTg4ZDQtNWQxMmQyOTg2MWM02AIE4AIB&sid=c694f4a42cec3bb04547d189ffe881c8&aid=356980&ucfs=1&arphpl=1&checkin=2023-11-03&checkout=2023-11-04&dest_id=-19310&dest_type=city&group_adults=1&req_adults=1&no_rooms=1&group_children=0&req_children=0&hpos=1&hapos=26&sr_order=popularity&srpvid=cfd958d2d7e301b0&srepoch=1698928691&all_sr_blocks=1100384701_382885997_6_0_0&highlighted_blocks=1100384701_382885997_6_0_0&matching_block_id=1100384701_382885997_6_0_0&sr_pri_blocks=1100384701_382885997_6_0_0__22500&from=searchresults&map=1,La Valette,350 m du centre,,,3 lits doubles,Plus que 1 à ce prix sur notre site,"1 nuit, 1 adulte",Taxes et frais compris,Taxes et frais compris,3 lits doubles,€ 225
Chambre Double ou Lits Jumeaux,https://cf2.bstatic.com/xdata/images/hotel/square600/360767941.webp?k=457b36239792ed043e786d8e241a408fc71ef756b313533fcc2fe0a45748a386&o=,AX The Saint John,https://www.booking.com/hotel/mt/the-saint-john.fr.html?label=gog235jc-1DCAMoyAE4wwJIDVgDaE2IAQGYAQ24ARfIAQzYAQPoAQH4AQKIAgGoAgO4AoDcjaoGwAIB0gIkNjQwODM3N2YtMzg5NC00ODYyLTg4ZDQtNWQxMmQyOTg2MWM02AIE4AIB&sid=c694f4a42cec3bb04547d189ffe881c8&aid=356980&ucfs=1&arphpl=1&checkin=2023-11-03&checkout=2023-11-04&dest_id=-19310&dest_type=city&group_adults=1&req_adults=1&no_rooms=1&group_children=0&req_children=0&hpos=2&hapos=27&sr_order=popularity&srpvid=cfd958d2d7e301b0&srepoch=1698928691&all_sr_blocks=230985401_272043483_0_2_0&highlighted_blocks=230985401_272043483_0_2_0&matching_block_id=230985401_272043483_0_2_0&sr_pri_blocks=230985401_272043483_0_2_0__28050&from=searchresults&map=1,La Valette,200 m du centre,"8,9",Superbe ,Types de lits : 1 lit double ou 2 lits simples,Plus que 1 hébergement à ce prix sur notre site,553 expériences vécues,Taxes et frais compris,"1 nuit, 1 adulte",Types de lits : 1 lit double ou 2 lits simples,€ 280
Chambre Double ou Lits Jumeaux Deluxe avec Balcon Maltais,https://cf2.bstatic.com/xdata/images/hotel/square600/212043441.webp?k=d6ef44a90624bb5e7ea0e3ea9c29f79239d64515b3da40ab5e1c3fdab3c75932&o=,The Barrister Hotel,https://www.booking.com/hotel/mt/the-barrister.fr.html?label=gog235jc-1DCAMoyAE4wwJIDVgDaE2IAQGYAQ24ARfIAQzYAQPoAQH4AQKIAgGoAgO4AoDcjaoGwAIB0gIkNjQwODM3N2YtMzg5NC00ODYyLTg4ZDQtNWQxMmQyOTg2MWM02AIE4AIB&sid=c694f4a42cec3bb04547d189ffe881c8&aid=356980&ucfs=1&arphpl=1&checkin=2023-11-03&checkout=2023-11-04&dest_id=-19310&dest_type=city&group_adults=1&req_adults=1&no_rooms=1&group_children=0&req_children=0&hpos=3&hapos=28&sr_order=popularity&srpvid=cfd958d2d7e301b0&srepoch=1698928691&all_sr_blocks=427141804_382372265_2_1_0&highlighted_blocks=427141804_382372265_2_1_0&matching_block_id=427141804_382372265_2_1_0&sr_pri_blocks=427141804_382372265_2_1_0__27050&from_sustainable_property_sr=1&from=searchresults&map=1,La Valette,200 m du centre,"9,3",Fabuleux  ,Types de lits : 1 lit double ou 2 lits simples,Plus que 1 hébergement à ce prix sur notre site,902 expériences vécues,Taxes et frais compris,"1 nuit, 1 adulte",Types de lits : 1 lit double ou 2 lits simples,€ 271
Appartement Deluxe,https://cf2.bstatic.com/xdata/images/hotel/square600/245328096.webp?k=7556ca7faa03b5bc0e93188e95e72d602e1a8cf38b633452721c60a006628090&o=,La Vallette,https://www.booking.com/hotel/mt/la-vallette.fr.html?label=gog235jc-1DCAMoyAE4wwJIDVgDaE2IAQGYAQ24ARfIAQzYAQPoAQH4AQKIAgGoAgO4AoDcjaoGwAIB0gIkNjQwODM3N2YtMzg5NC00ODYyLTg4ZDQtNWQxMmQyOTg2MWM02AIE4AIB&sid=c694f4a42cec3bb04547d189ffe881c8&aid=356980&ucfs=1&arphpl=1&checkin=2023-11-03&checkout=2023-11-04&dest_id=-19310&dest_type=city&group_adults=1&req_adults=1&no_rooms=1&group_children=0&req_children=0&hpos=4&hapos=29&sr_order=popularity&srpvid=cfd958d2d7e301b0&srepoch=1698928691&all_sr_blocks=53687902_89301719_2_0_0&highlighted_blocks=53687902_89301719_2_0_0&matching_block_id=53687902_89301719_2_0_0&sr_pri_blocks=53687902_89301719_2_0_0__16256&from=searchresults&map=1,La Valette,150 m du centre,"6,7",Note ,"3 lits (1 lit simple, 1 canapé-lit, 1 grand lit double)",Plus que 1 à ce prix sur notre site,568 expériences vécues,Taxes et frais compris,"1 nuit, 1 adulte","3 lits (1 lit simple, 1 canapé-lit, 1 grand lit double)",€ 324€ 163
Chambre Double,https://cf2.bstatic.com/xdata/images/hotel/square600/322048105.webp?k=01aa12333a1a23fb7826b244a20bedcc7290da227036fd36d250e85243363be3&o=,Chateau La Vallette - Barrakka Suite,https://www.booking.com/hotel/mt/chateau-la-vallette-barrakka-suite.fr.html?label=gog235jc-1DCAMoyAE4wwJIDVgDaE2IAQGYAQ24ARfIAQzYAQPoAQH4AQKIAgGoAgO4AoDcjaoGwAIB0gIkNjQwODM3N2YtMzg5NC00ODYyLTg4ZDQtNWQxMmQyOTg2MWM02AIE4AIB&sid=c694f4a42cec3bb04547d189ffe881c8&aid=356980&ucfs=1&arphpl=1&checkin=2023-11-03&checkout=2023-11-04&dest_id=-19310&dest_type=city&group_adults=1&req_adults=1&no_rooms=1&group_children=0&req_children=0&hpos=5&hapos=30&sr_order=popularity&srpvid=cfd958d2d7e301b0&srepoch=1698928691&all_sr_blocks=780395501_336456105_2_0_0&highlighted_blocks=780395501_336456105_2_0_0&matching_block_id=780395501_336456105_2_0_0&sr_pri_blocks=780395501_336456105_2_0_0__15100&from=searchresults&map=1,La Valette,250 m du centre,"8,0",Très bien ,Hébergement géré par un particulier,Plus que 1 hébergement à ce prix sur notre site,37 expériences vécues,Taxes et frais compris,"1 nuit, 1 adulte",1 lit double,€ 151
Suite Deluxe,https://cf2.bstatic.com/xdata/images/hotel/square600/190744355.webp?k=8375099e84a8dad5a8741bdff7c4ab356d224b71a42ce7d175738569a6e878cb&o=,Laparelli Suites: Luxury Suite 3,https://www.booking.com/hotel/mt/laparelli-suites-suite-3.fr.html?label=gog235jc-1DCAMoyAE4wwJIDVgDaE2IAQGYAQ24ARfIAQzYAQPoAQH4AQKIAgGoAgO4AoDcjaoGwAIB0gIkNjQwODM3N2YtMzg5NC00ODYyLTg4ZDQtNWQxMmQyOTg2MWM02AIE4AIB&sid=c694f4a42cec3bb04547d189ffe881c8&aid=356980&ucfs=1&arphpl=1&checkin=2023-11-03&checkout=2023-11-04&dest_id=-19310&dest_type=city&group_adults=1&req_adults=1&no_rooms=1&group_children=0&req_children=0&hpos=6&hapos=31&sr_order=popularity&srpvid=cfd958d2d7e301b0&srepoch=1698928691&all_sr_blocks=487796901_279800595_0_0_0&highlighted_blocks=487796901_279800595_0_0_0&matching_block_id=487796901_279800595_0_0_0&sr_pri_blocks=487796901_279800595_0_0_0__15877&from=searchresults&map=1,La Valette,350 m du centre,"5,6",Note ,"2 lits (1 très grand lit double, 1 canapé-lit)",Plus que 1 à ce prix sur notre site,40 expériences vécues,Taxes et frais compris,"1 nuit, 1 adulte","2 lits (1 très grand lit double, 1 canapé-lit)",€ 159
Appartement,https://cf2.bstatic.com/xdata/images/hotel/square600/124859178.webp?k=d0672095ba7176edd832bcd0ff6e883793dce9212ebabfe5a7b8c565cdb77f35&o=,West street apartments,https://www.booking.com/hotel/mt/west-street-apartments-valletta.fr.html?label=gog235jc-1DCAMoyAE4wwJIDVgDaE2IAQGYAQ24ARfIAQzYAQPoAQH4AQKIAgGoAgO4AoDcjaoGwAIB0gIkNjQwODM3N2YtMzg5NC00ODYyLTg4ZDQtNWQxMmQyOTg2MWM02AIE4AIB&sid=c694f4a42cec3bb04547d189ffe881c8&aid=356980&ucfs=1&arphpl=1&checkin=2023-11-03&checkout=2023-11-04&dest_id=-19310&dest_type=city&group_adults=1&req_adults=1&no_rooms=1&group_children=0&req_children=0&hpos=7&hapos=32&sr_order=popularity&srpvid=cfd958d2d7e301b0&srepoch=1698928691&all_sr_blocks=298501801_156277827_2_0_0&highlighted_blocks=298501801_156277827_2_0_0&matching_block_id=298501801_156277827_2_0_0&sr_pri_blocks=298501801_156277827_2_0_0__13300&from=searchresults&map=1,La Valette,250 m du centre,"8,9",Superbe ,Hébergement géré par un particulier,Plus que 1 à ce prix sur notre site,146 expériences vécues,Taxes et frais compris,"1 nuit, 1 adulte","2 lits (1 canapé-lit, 1 grand lit double)",€ 133
Chambre Deluxe,https://cf2.bstatic.com/xdata/images/hotel/square600/302433845.webp?k=865d74c69920320703d96033bf120589d0c6d7ca7fccdd2b9af42506309eade1&o=,The Vincent,https://www.booking.com/hotel/mt/the-vincent.fr.html?label=gog235jc-1DCAMoyAE4wwJIDVgDaE2IAQGYAQ24ARfIAQzYAQPoAQH4AQKIAgGoAgO4AoDcjaoGwAIB0gIkNjQwODM3N2YtMzg5NC00ODYyLTg4ZDQtNWQxMmQyOTg2MWM02AIE4AIB&sid=c694f4a42cec3bb04547d189ffe881c8&aid=356980&ucfs=1&arphpl=1&checkin=2023-11-03&checkout=2023-11-04&dest_id=-19310&dest_type=city&group_adults=1&req_adults=1&no_rooms=1&group_children=0&req_children=0&hpos=8&hapos=33&sr_order=popularity&srpvid=cfd958d2d7e301b0&srepoch=1698928691&all_sr_blocks=113376413_85963083_2_1_0&highlighted_blocks=113376413_85963083_2_1_0&matching_block_id=113376413_85963083_2_1_0&sr_pri_blocks=113376413_85963083_2_1_0__18890&from=searchresults&map=1,La Valette,400 m du centre,"8,3",Très bien ,"2 lits (1 canapé-lit, 1 grand lit double)",Plus que 4 hébergements à ce prix sur notre site,425 expériences vécues,Taxes et frais compris,"1 nuit, 1 adulte","2 lits (1 canapé-lit, 1 grand lit double)",€ 189
Chambre Double ou Lits Jumeaux Supérieure avec Vue sur Ville,https://cf2.bstatic.com/xdata/images/hotel/square600/288095202.webp?k=03345c467c1f4c20fdf1b7851881c7c3e0d209b624719d296066f12d318f0d18&o=,The Embassy Valletta Hotel,https://www.booking.com/hotel/mt/the-embassy-valletta.fr.html?label=gog235jc-1DCAMoyAE4wwJIDVgDaE2IAQGYAQ24ARfIAQzYAQPoAQH4AQKIAgGoAgO4AoDcjaoGwAIB0gIkNjQwODM3N2YtMzg5NC00ODYyLTg4ZDQtNWQxMmQyOTg2MWM02AIE4AIB&sid=c694f4a42cec3bb04547d189ffe881c8&aid=356980&ucfs=1&arphpl=1&checkin=2023-11-03&checkout=2023-11-04&dest_id=-19310&dest_type=city&group_adults=1&req_adults=1&no_rooms=1&group_children=0&req_children=0&hpos=9&hapos=34&sr_order=popularity&srpvid=cfd958d2d7e301b0&srepoch=1698928691&all_sr_blocks=402878002_285434876_2_2_0&highlighted_blocks=402878002_285434876_2_2_0&matching_block_id=402878002_285434876_2_2_0&sr_pri_blocks=402878002_285434876_2_2_0__40050&from_sustainable_property_sr=1&from=searchresults&map=1,La Valette,100 m du centre,"9,0",Fabuleux  ,Types de lits : 1 lit double ou 2 lits simples,Plus que 1 hébergement à ce prix sur notre site,2 172 expériences vécues,Taxes et frais compris,"1 nuit, 1 adulte",Types de lits : 1 lit double ou 2 lits simples,€ 400
Appartement,https://cf2.bstatic.com/xdata/images/hotel/square600/158256347.webp?k=b260a7e55bc975c1235c3c960e3c6ab0f59ba3ecdcd43cfd676f2f13bbb9f497&o=,Sea View Large Valletta Appartment,https://www.booking.com/hotel/mt/sea-view-large-valletta-appartment-valletta.fr.html?label=gog235jc-1DCAMoyAE4wwJIDVgDaE2IAQGYAQ24ARfIAQzYAQPoAQH4AQKIAgGoAgO4AoDcjaoGwAIB0gIkNjQwODM3N2YtMzg5NC00ODYyLTg4ZDQtNWQxMmQyOTg2MWM02AIE4AIB&sid=c694f4a42cec3bb04547d189ffe881c8&aid=356980&ucfs=1&arphpl=1&checkin=2023-11-03&checkout=2023-11-04&dest_id=-19310&dest_type=city&group_adults=1&req_adults=1&no_rooms=1&group_children=0&req_children=0&hpos=10&hapos=35&sr_order=popularity&srpvid=cfd958d2d7e301b0&srepoch=1698928691&all_sr_blocks=384282601_174779864_2_0_0&highlighted_blocks=384282601_174779864_2_0_0&matching_block_id=384282601_174779864_2_0_0&sr_pri_blocks=384282601_174779864_2_0_0__17850&from=searchresults&map=1,La Valette,400 m du centre,"8,6",Superbe ,Hébergement géré par un particulier,,82 expériences vécues,Taxes et frais compris,"1 nuit, 1 adulte","4 lits (3 lits simples, 1 grand lit double)",€ 179
Suite en Duplex,https://cf2.bstatic.com/xdata/images/hotel/square600/387984212.webp?k=d5763762feeee0c1b7c52e1b138bcfb761972f38e7218eae021bf6143e6696eb&o=,Ursulino Valletta,https://www.booking.com/hotel/mt/ursulino-valletta.fr.html?label=gog235jc-1DCAMoyAE4wwJIDVgDaE2IAQGYAQ24ARfIAQzYAQPoAQH4AQKIAgGoAgO4AoDcjaoGwAIB0gIkNjQwODM3N2YtMzg5NC00ODYyLTg4ZDQtNWQxMmQyOTg2MWM02AIE4AIB&sid=c694f4a42cec3bb04547d189ffe881c8&aid=356980&ucfs=1&arphpl=1&checkin=2023-11-03&checkout=2023-11-04&dest_id=-19310&dest_type=city&group_adults=1&req_adults=1&no_rooms=1&group_children=0&req_children=0&hpos=11&hapos=36&sr_order=popularity&srpvid=cfd958d2d7e301b0&srepoch=1698928691&all_sr_blocks=138985214_375401688_2_1_0&highlighted_blocks=138985214_375401688_2_1_0&matching_block_id=138985214_375401688_2_1_0&sr_pri_blocks=138985214_375401688_2_1_0__30050&from_sustainable_property_sr=1&from=searchresults&map=1,La Valette,250 m du centre,"9,5",Exceptionnel ,"2 lits (1 très grand lit double, 1 canapé-lit)",Plus que 1 à ce prix sur notre site,1 050 expériences vécues,Taxes et frais compris,"1 nuit, 1 adulte","2 lits (1 très grand lit double, 1 canapé-lit)",€ 301
Appartement 1 Chambre,https://cf2.bstatic.com/xdata/images/hotel/square600/448481927.webp?k=09e0d831eea7e3f11267ed22f20521ce883f3b0b7901e1e8afe7a6c73dd2fd8e&o=,Archbishop Loft with terrace.,https://www.booking.com/hotel/mt/archbishop-loft-with-terrace.fr.html?label=gog235jc-1DCAMoyAE4wwJIDVgDaE2IAQGYAQ24ARfIAQzYAQPoAQH4AQKIAgGoAgO4AoDcjaoGwAIB0gIkNjQwODM3N2YtMzg5NC00ODYyLTg4ZDQtNWQxMmQyOTg2MWM02AIE4AIB&sid=c694f4a42cec3bb04547d189ffe881c8&aid=356980&ucfs=1&arphpl=1&checkin=2023-11-03&checkout=2023-11-04&dest_id=-19310&dest_type=city&group_adults=1&req_adults=1&no_rooms=1&group_children=0&req_children=0&hpos=12&hapos=37&sr_order=popularity&srpvid=cfd958d2d7e301b0&srepoch=1698928691&all_sr_blocks=990490101_371881370_2_0_0&highlighted_blocks=990490101_371881370_2_0_0&matching_block_id=990490101_371881370_2_0_0&sr_pri_blocks=990490101_371881370_2_0_0__13110&from=searchresults&map=1,La Valette,200 m du centre,"3,4",Note ,1 lit double,,8 expériences vécues,Taxes et frais compris,"1 nuit, 1 adulte",1 lit double,€ 131
Chambre Double Supérieure,https://cf2.bstatic.com/xdata/images/hotel/square600/102057733.webp?k=fafc7be00e53afb3893f647eea240128092386331f5e7b5b5e450bace3d57c30&o=,The Phoenicia Malta,https://www.booking.com/hotel/mt/the-phoenicia-malta.fr.html?label=gog235jc-1DCAMoyAE4wwJIDVgDaE2IAQGYAQ24ARfIAQzYAQPoAQH4AQKIAgGoAgO4AoDcjaoGwAIB0gIkNjQwODM3N2YtMzg5NC00ODYyLTg4ZDQtNWQxMmQyOTg2MWM02AIE4AIB&sid=c694f4a42cec3bb04547d189ffe881c8&aid=356980&ucfs=1&arphpl=1&checkin=2023-11-03&checkout=2023-11-04&dest_id=-19310&dest_type=city&group_adults=1&req_adults=1&no_rooms=1&group_children=0&req_children=0&hpos=13&hapos=38&sr_order=popularity&srpvid=cfd958d2d7e301b0&srepoch=1698928691&all_sr_blocks=1752519_270111914_0_2_0&highlighted_blocks=1752519_270111914_0_2_0&matching_block_id=1752519_270111914_0_2_0&sr_pri_blocks=1752519_270111914_0_2_0__49297&from_sustainable_property_sr=1&from=searchresults&map=1,La Valette,"0,6 km du centre","9,2",Fabuleux  ,1 lit double,Plus que 2 hébergements à ce prix sur notre site,1 025 expériences vécues,Taxes et frais compris,"1 nuit, 1 adulte",1 lit double,€ 493
Appartement 1 Chambre,https://cf2.bstatic.com/xdata/images/hotel/square600/495039684.webp?k=a0649dbfef9d4d140767ffd1cdc2face948034eee2dc167ebe772ad880c3e40a&o=,Architect’s home pad - Valletta,https://www.booking.com/hotel/mt/architects-home-pad-valletta.fr.html?label=gog235jc-1DCAMoyAE4wwJIDVgDaE2IAQGYAQ24ARfIAQzYAQPoAQH4AQKIAgGoAgO4AoDcjaoGwAIB0gIkNjQwODM3N2YtMzg5NC00ODYyLTg4ZDQtNWQxMmQyOTg2MWM02AIE4AIB&sid=c694f4a42cec3bb04547d189ffe881c8&aid=356980&ucfs=1&arphpl=1&checkin=2023-11-03&checkout=2023-11-04&dest_id=-19310&dest_type=city&group_adults=1&req_adults=1&no_rooms=1&group_children=0&req_children=0&hpos=14&hapos=39&sr_order=popularity&srpvid=cfd958d2d7e301b0&srepoch=1698928691&all_sr_blocks=1082753401_380862032_0_0_0&highlighted_blocks=1082753401_380862032_0_0_0&matching_block_id=1082753401_380862032_0_0_0&sr_pri_blocks=1082753401_380862032_0_0_0__21150&from=searchresults&map=1,La Valette,300 m du centre,10,Exceptionnel ,Hébergement géré par un particulier,,1 expérience vécue,Taxes et frais compris,"1 nuit, 1 adulte",1 très grand lit double,€ 212
Appartement 1 Chambre,https://cf2.bstatic.com/xdata/images/hotel/square600/427086908.webp?k=74db60ff229f2ca25f7e2b7ab340b5dafc6c6f086e66e798bb981e843b6eff67&o=,Sally Port 32,https://www.booking.com/hotel/mt/sally-port-32-il-belt-valletta.fr.html?label=gog235jc-1DCAMoyAE4wwJIDVgDaE2IAQGYAQ24ARfIAQzYAQPoAQH4AQKIAgGoAgO4AoDcjaoGwAIB0gIkNjQwODM3N2YtMzg5NC00ODYyLTg4ZDQtNWQxMmQyOTg2MWM02AIE4AIB&sid=c694f4a42cec3bb04547d189ffe881c8&aid=356980&ucfs=1&arphpl=1&checkin=2023-11-03&checkout=2023-11-04&dest_id=-19310&dest_type=city&group_adults=1&req_adults=1&no_rooms=1&group_children=0&req_children=0&hpos=15&hapos=40&sr_order=popularity&srpvid=cfd958d2d7e301b0&srepoch=1698928691&all_sr_blocks=773596101_335324504_0_0_0&highlighted_blocks=773596101_335324504_0_0_0&matching_block_id=773596101_335324504_0_0_0&sr_pri_blocks=773596101_335324504_0_0_0__13100&from=searchresults&map=1,La Valette,300 m du centre,"7,2",Bien  ,Hébergement géré par un particulier,,41 expériences vécues,Taxes et frais compris,"1 nuit, 1 adulte",1 lit double,€ 131
Appartement 1 Chambre,https://cf2.bstatic.com/xdata/images/hotel/square600/253857474.webp?k=18a4142ee6f75e193143afc9d275771f69d887480a71315165ccb156432fd026&o=,Valletta Maison d'art - Centre APT,https://www.booking.com/hotel/mt/valletta-maison-d-art-centre-apt.fr.html?label=gog235jc-1DCAMoyAE4wwJIDVgDaE2IAQGYAQ24ARfIAQzYAQPoAQH4AQKIAgGoAgO4AoDcjaoGwAIB0gIkNjQwODM3N2YtMzg5NC00ODYyLTg4ZDQtNWQxMmQyOTg2MWM02AIE4AIB&sid=c694f4a42cec3bb04547d189ffe881c8&aid=356980&ucfs=1&arphpl=1&checkin=2023-11-03&checkout=2023-11-04&dest_id=-19310&dest_type=city&group_adults=1&req_adults=1&no_rooms=1&group_children=0&req_children=0&hpos=16&hapos=41&sr_order=popularity&srpvid=cfd958d2d7e301b0&srepoch=1698928691&all_sr_blocks=643531201_263466060_1_0_0&highlighted_blocks=643531201_263466060_1_0_0&matching_block_id=643531201_263466060_1_0_0&sr_pri_blocks=643531201_263466060_1_0_0__16175&from=searchresults&map=1,La Valette,200 m du centre,"8,4",Très bien ,Hébergement géré par un particulier,,79 expériences vécues,Taxes et frais compris,"1 nuit, 1 adulte","2 lits (1 lit double, 1 canapé-lit)",€ 162
Appartement 1 Chambre,https://cf2.bstatic.com/xdata/images/hotel/square600/321985488.webp?k=2ad83399e6dfac34ab1524382cd45ab917c49cfb49b5b3c66ea8f7ceb27fbbaf&o=,Valletta Timeless Elegance : City Centre Apartment,https://www.booking.com/hotel/mt/valletta-timeless-elegance-city-centre-apartment.fr.html?label=gog235jc-1DCAMoyAE4wwJIDVgDaE2IAQGYAQ24ARfIAQzYAQPoAQH4AQKIAgGoAgO4AoDcjaoGwAIB0gIkNjQwODM3N2YtMzg5NC00ODYyLTg4ZDQtNWQxMmQyOTg2MWM02AIE4AIB&sid=c694f4a42cec3bb04547d189ffe881c8&aid=356980&ucfs=1&arphpl=1&checkin=2023-11-03&checkout=2023-11-04&dest_id=-19310&dest_type=city&group_adults=1&req_adults=1&no_rooms=1&group_children=0&req_children=0&hpos=17&hapos=42&sr_order=popularity&srpvid=cfd958d2d7e301b0&srepoch=1698928691&all_sr_blocks=780208501_336430322_2_0_0&highlighted_blocks=780208501_336430322_2_0_0&matching_block_id=780208501_336430322_2_0_0&sr_pri_blocks=780208501_336430322_2_0_0__21050&from=searchresults&map=1,La Valette,300 m du centre,"8,0",Très bien ,Hébergement géré par un particulier,,2 expériences vécues,Taxes et frais compris,"1 nuit, 1 adulte",1 lit double,€ 211
Chambre Double ou Lits Jumeaux,https://cf2.bstatic.com/xdata/images/hotel/square600/256887134.webp?k=d1064c30c8042e404b53e996f8aaedf17c4abf535a43851d9934f3bc3dc8715f&o=,Rosselli,https://www.booking.com/hotel/mt/rosselli-valletta.fr.html?label=gog235jc-1DCAMoyAE4wwJIDVgDaE2IAQGYAQ24ARfIAQzYAQPoAQH4AQKIAgGoAgO4AoDcjaoGwAIB0gIkNjQwODM3N2YtMzg5NC00ODYyLTg4ZDQtNWQxMmQyOTg2MWM02AIE4AIB&sid=c694f4a42cec3bb04547d189ffe881c8&aid=356980&ucfs=1&arphpl=1&checkin=2023-11-03&checkout=2023-11-04&dest_id=-19310&dest_type=city&group_adults=1&req_adults=1&no_rooms=1&group_children=0&req_children=0&hpos=18&hapos=43&sr_order=popularity&srpvid=cfd958d2d7e301b0&srepoch=1698928691&all_sr_blocks=345930201_272044414_0_0_0&highlighted_blocks=345930201_272044414_0_0_0&matching_block_id=345930201_272044414_0_0_0&sr_pri_blocks=345930201_272044414_0_0_0__66450&from=searchresults&map=1,La Valette,200 m du centre,"8,7",Superbe ,1 lit double,Plus que 1 hébergement à ce prix sur notre site,167 expériences vécues,Taxes et frais compris,"1 nuit, 1 adulte",1 lit double,€ 665
Appartement - Vue sur Mer,https://cf2.bstatic.com/xdata/images/hotel/square600/88862332.webp?k=8d3a1050bc5de91ac2bf2bcced6e3ee6d67d415a6f46c33ca8884581b7b6c862&o=,Valletta Suite Drew,https://www.booking.com/hotel/mt/valletta-suite-drew.fr.html?label=gog235jc-1DCAMoyAE4wwJIDVgDaE2IAQGYAQ24ARfIAQzYAQPoAQH4AQKIAgGoAgO4AoDcjaoGwAIB0gIkNjQwODM3N2YtMzg5NC00ODYyLTg4ZDQtNWQxMmQyOTg2MWM02AIE4AIB&sid=c694f4a42cec3bb04547d189ffe881c8&aid=356980&ucfs=1&arphpl=1&checkin=2023-11-03&checkout=2023-11-04&dest_id=-19310&dest_type=city&group_adults=1&req_adults=1&no_rooms=1&group_children=0&req_children=0&hpos=19&hapos=44&sr_order=popularity&srpvid=cfd958d2d7e301b0&srepoch=1698928691&all_sr_blocks=205183701_326666143_0_0_0&highlighted_blocks=205183701_326666143_0_0_0&matching_block_id=205183701_326666143_0_0_0&sr_pri_blocks=205183701_326666143_0_0_0__29548&from_sustainable_property_sr=1&from=searchresults&map=1,La Valette,300 m du centre,"7,8",Bien  ,"3 lits (2 lits superposés, 1 grand lit double)",Plus que 1 à ce prix sur notre site,43 expériences vécues,Taxes et frais compris,"1 nuit, 1 adulte","3 lits (2 lits superposés, 1 grand lit double)",€ 295
Appartement,https://cf2.bstatic.com/xdata/images/hotel/square600/234814417.webp?k=9a7e84a1454e92a03f39d731746d3812bfd3f3f6805454f2503668ded540bdec&o=,Republic Street Duplex Penthouse By Tritoni Hotels collection,https://www.booking.com/hotel/mt/the-republic-street-duplex-penthouse.fr.html?label=gog235jc-1DCAMoyAE4wwJIDVgDaE2IAQGYAQ24ARfIAQzYAQPoAQH4AQKIAgGoAgO4AoDcjaoGwAIB0gIkNjQwODM3N2YtMzg5NC00ODYyLTg4ZDQtNWQxMmQyOTg2MWM02AIE4AIB&sid=c694f4a42cec3bb04547d189ffe881c8&aid=356980&ucfs=1&arphpl=1&checkin=2023-11-03&checkout=2023-11-04&dest_id=-19310&dest_type=city&group_adults=1&req_adults=1&no_rooms=1&group_children=0&req_children=0&hpos=20&hapos=45&sr_order=popularity&srpvid=cfd958d2d7e301b0&srepoch=1698928691&all_sr_blocks=593993101_232983202_2_0_0&highlighted_blocks=593993101_232983202_2_0_0&matching_block_id=593993101_232983202_2_0_0&sr_pri_blocks=593993101_232983202_2_0_0__37800&from=searchresults&map=1,La Valette,450 m du centre,"8,2",Très bien ,"5 lits (2 lits simples, 1 lit double, 2 grands lits doubles)",,24 expériences vécues,Taxes et frais compris,"1 nuit, 1 adulte","5 lits (2 lits simples, 1 lit double, 2 grands lits doubles)",€ 378
